agentId,DAUID
1,1,6,1,2,1
3,1,3,1,0,3
5,1,3,1,1,0
7,1,3,1,2,2
9,1,4,1,0,1
10,1,4,0,0,3
12,1,4,1,0,0
14,1,4,1,2,1
17,1,3,0,0,0
19,1,4,0,0,0
21,1,4,0,2,0
23,1,1,1,0,1
24,1,3,1,0,0
26,1,1,1,0,3
28,1,3,1,0,3
29,1,3,0,0,1
31,1,6,1,0,1
33,1,0,1,0,4
35,1,4,0,0,3
36,1,0,1,0,2
38,1,2,1,0,2
39,1,0,1,1,2
41,1,1,0,0,2
43,1,0,0,1,4
44,1,4,0,1,2
46,1,5,1,0,0
48,1,1,0,1,0
49,1,3,0,0,0
51,1,3,1,0,3
52,1,0,0,2,4
54,1,6,1,0,1
55,1,4,0,0,3
58,1,4,1,0,0
61,1,4,1,1,1
63,1,2,1,1,4
65,1,0,0,0,4
67,1,4,0,0,3
69,1,5,1,1,4
71,1,0,1,1,4
73,1,3,1,1,1
75,1,3,0,1,0
77,1,0,0,1,4
78,1,5,0,0,3
80,1,0,1,0,3
82,1,6,1,2,4
84,1,6,1,1,4
86,1,6,1,2,1
88,1,5,0,0,1
89,1,4,0,2,0
91,1,5,1,2,2
93,1,4,0,1,3
95,1,4,0,1,3
97,1,4,0,0,2
98,1,4,0,0,2
100,1,4,1,0,1
102,1,4,1,0,1
104,1,3,1,0,2
106,1,2,1,1,3
108,1,6,1,0,1
111,1,5,1,0,0
113,1,0,1,0,1
115,1,3,1,0,2
117,1,4,0,0,3
120,1,6,0,0,1
121,1,2,1,0,4
123,1,3,1,0,0
125,1,3,0,2,4
127,1,5,1,2,1
129,1,5,1,0,1
131,1,3,0,0,2
134,1,0,0,1,4
136,1,3,1,1,3
138,1,6,0,1,1
141,1,0,1,1,2
144,1,2,1,0,3
146,1,2,1,0,1
149,1,3,0,0,1
151,1,0,0,1,3
154,1,4,1,2,3
155,1,3,1,0,0
157,1,6,0,0,1
158,1,6,0,0,1
161,1,6,0,2,1
162,1,4,1,2,0
164,1,5,1,2,1
165,1,3,0,0,2
168,1,2,0,0,0
169,1,3,0,2,4
171,1,0,1,1,1
172,1,6,0,0,3
174,1,4,1,0,3
176,1,4,0,0,3
177,1,6,0,0,4
179,1,6,1,0,2
180,1,5,0,0,3
182,1,6,0,0,0
184,1,4,1,2,1
185,1,4,1,2,0
187,1,4,1,0,2
189,1,5,0,0,2
191,1,5,0,0,1
193,1,3,1,0,2
195,1,5,0,0,3
197,1,4,1,0,2
199,1,4,1,2,2
201,1,1,0,0,2
203,1,3,1,0,2
205,1,4,1,0,1
206,1,4,0,0,3
208,1,2,1,1,2
210,1,0,0,1,3
211,1,2,1,1,0
213,1,2,1,1,2
215,1,3,1,0,3
216,1,4,1,1,3
218,1,0,1,1,4
220,1,6,1,0,4
221,1,1,0,1,2
223,1,5,0,0,1
225,1,4,1,0,3
226,1,5,0,0,1
228,1,4,1,0,1
229,1,5,1,0,1
231,1,0,0,0,0
233,1,0,0,2,4
234,1,6,0,2,1
236,1,4,0,0,2
238,1,0,0,1,3
240,1,4,1,0,2
242,1,4,1,1,1
244,1,0,1,1,1
246,1,3,1,0,3
248,1,2,0,1,3
249,1,4,1,0,4
251,1,3,0,0,3
253,1,6,1,0,1
255,1,3,0,0,3
257,1,3,1,1,1
259,1,6,0,0,1
261,1,3,1,2,2
263,1,2,0,1,2
265,1,0,1,1,2
268,1,3,1,0,1
270,1,4,1,0,1
272,1,4,1,2,4
274,1,0,1,1,0
275,1,1,0,1,2
277,1,6,1,0,1
279,1,4,0,0,0
281,1,6,1,2,3
283,1,2,1,1,0
285,1,4,0,0,0
288,1,1,1,0,0
290,1,3,1,1,0
292,1,4,1,0,1
294,1,4,0,1,0
296,1,6,0,0,2
298,1,6,0,1,3
300,1,4,0,0,1
302,1,6,1,0,1
304,1,3,1,1,0
306,1,3,1,0,1
307,1,4,1,0,3
309,1,5,0,1,1
311,1,5,1,0,3
313,1,0,0,0,1
315,1,1,1,2,2
317,1,6,1,1,4
319,1,4,0,1,3
321,1,5,1,2,4
323,1,1,0,1,1
325,1,1,0,0,2
327,1,2,0,0,0
329,1,4,0,1,0
331,1,0,0,0,3
333,1,3,0,0,2
335,1,6,1,2,4
337,1,4,1,0,1
339,1,5,0,2,2
341,1,0,1,1,3
343,1,5,1,1,0
345,1,6,1,2,0
347,1,5,1,1,3
349,1,2,1,0,0
351,1,1,0,0,4
353,1,0,1,1,4
355,1,5,1,0,1
357,1,3,1,2,2
359,1,4,1,0,0
361,1,1,0,2,0
363,1,2,0,0,1
365,1,0,1,1,1
367,1,4,1,1,3
369,1,5,0,2,0
372,1,1,0,0,2
374,1,2,1,0,1
377,1,2,1,0,2
380,1,0,1,1,3
382,1,4,0,0,1
385,1,3,0,0,0
387,1,5,0,0,3
390,1,3,0,0,1
392,1,3,0,2,4
395,1,1,1,1,1
398,1,3,0,2,2
400,1,2,1,1,0
403,1,4,1,1,1
405,1,0,0,1,0
408,1,2,1,0,2
410,1,4,0,1,4
413,1,2,0,2,1
415,1,3,1,0,0
418,1,5,0,2,1
420,1,3,1,0,3
422,1,3,1,2,3
425,1,4,0,0,1
428,1,3,0,2,0
430,1,4,0,0,2
433,1,2,0,1,4
436,1,4,1,0,3
439,1,3,0,1,3
441,1,6,1,1,0
444,1,3,1,0,4
447,1,5,1,1,2
449,1,2,1,0,4
452,1,5,0,0,1
455,1,1,1,1,0
457,1,6,1,2,1
460,1,6,1,0,1
463,1,0,0,1,2
465,1,2,0,0,0
468,1,1,0,1,3
471,1,1,1,1,2
474,1,3,1,0,1
476,1,6,1,2,1
479,1,4,1,2,3
482,1,6,0,0,2
485,1,0,0,2,3
487,1,4,0,0,0
490,1,3,1,0,2
493,1,4,1,0,2
495,1,1,0,1,3
498,1,5,1,2,3
500,1,4,0,2,1
503,1,6,1,0,1
505,1,4,1,2,4
508,1,3,1,0,1
511,1,0,1,0,4
513,1,4,1,0,2
515,1,1,1,0,3
518,1,6,1,0,2
520,1,6,0,1,0
523,1,4,1,2,3
525,1,4,0,0,0
528,1,4,1,0,3
530,1,6,1,0,1
533,1,4,0,0,2
535,1,1,1,1,3
537,1,3,1,0,2
539,1,2,0,2,4
541,1,5,0,0,0
542,1,0,1,1,4
544,1,4,1,0,2
546,1,2,1,1,1
548,1,5,1,2,0
549,1,3,1,1,3
551,1,4,1,1,2
552,1,4,1,1,3
554,1,4,0,0,2
556,1,6,1,0,1
557,1,4,1,1,4
559,1,3,0,2,3
560,1,3,1,1,1
562,1,3,0,0,1
564,1,4,1,2,2
566,1,4,1,0,0
567,1,3,0,0,0
569,1,3,0,0,0
571,1,6,0,1,4
572,1,0,0,1,0
574,1,5,0,1,3
576,1,3,1,0,0
577,1,1,1,1,0
579,1,3,0,1,3
581,1,2,0,1,0
582,1,1,0,1,2
584,1,5,1,2,1
585,1,6,1,0,1
587,1,3,0,0,1
589,1,6,1,0,1
590,1,4,0,1,2
592,1,2,0,0,1
594,1,3,0,0,0
595,1,4,0,1,0
597,1,6,1,1,0
598,1,3,1,1,2
600,1,3,0,0,2
602,1,5,0,1,2
604,1,4,0,0,3
605,1,0,0,1,1
607,1,2,1,0,2
609,1,5,1,0,1
610,1,2,0,1,0
612,1,3,0,0,0
613,1,3,1,2,1
615,1,2,0,0,3
617,1,3,1,0,3
618,1,3,0,0,1
620,1,4,0,2,1
622,1,2,1,1,1
623,1,5,0,0,3
625,1,6,1,2,1
627,1,6,1,1,1
628,1,1,1,0,0
630,1,3,1,1,1
631,1,3,1,2,4
633,1,6,1,0,0
635,1,0,0,1,3
636,1,2,1,1,1
638,1,4,1,0,0
640,1,6,1,1,1
641,1,4,0,0,0
643,1,5,1,0,3
644,1,3,1,0,0
646,1,5,1,0,3
648,1,5,1,1,2
649,1,3,1,0,1
651,1,5,1,0,1
653,1,0,0,0,3
654,1,0,1,0,0
656,1,3,0,0,2
658,1,4,0,0,3
659,1,4,0,1,4
661,1,1,1,1,0
662,1,5,1,1,3
664,1,3,0,1,1
666,1,6,1,1,1
667,1,3,1,1,2
669,1,0,1,1,3
671,1,5,1,1,1
672,1,4,0,2,1
674,1,5,1,1,0
676,1,4,1,0,1
677,1,4,1,0,0
679,1,5,0,0,2
681,1,4,1,2,4
682,1,6,1,1,1
684,1,4,0,0,1
686,1,4,0,0,0
687,1,5,0,2,1
689,1,3,1,0,3
691,1,5,1,0,1
692,1,0,0,1,1
694,1,4,0,0,1
695,1,1,1,0,3
697,1,6,1,0,3
699,1,1,1,0,2
700,1,2,0,0,1
702,1,3,1,0,1
704,1,2,0,0,2
705,1,4,1,1,0
707,1,0,1,2,1
709,1,4,0,0,4
711,1,3,1,1,4
713,1,6,1,0,0
715,1,0,1,1,0
717,1,0,1,2,3
719,1,2,1,0,4
721,1,6,1,0,0
723,1,4,1,0,1
725,1,1,0,0,0
727,1,4,1,0,1
729,1,6,1,1,1
731,1,6,1,0,1
733,1,5,1,0,2
735,1,2,1,2,4
737,1,3,0,0,1
739,1,6,1,1,0
741,1,5,0,0,4
743,1,5,1,1,0
745,1,1,0,1,0
747,1,4,0,0,1
749,1,2,1,0,4
751,1,4,0,2,4
753,1,1,1,0,2
755,1,3,0,0,0
757,1,3,1,1,2
759,1,1,0,1,0
761,1,6,1,0,1
763,1,6,1,2,1
765,1,5,0,0,3
767,1,0,1,0,2
768,1,5,1,2,4
770,1,5,0,0,3
772,1,4,1,0,0
774,1,4,1,0,3
776,1,0,0,1,3
778,1,3,0,0,0
780,1,3,1,2,3
782,1,5,1,0,3
784,1,0,1,0,2
786,1,3,0,1,0
788,1,4,1,2,4
790,1,2,0,0,4
792,1,6,0,0,0
794,1,0,1,2,4
796,1,3,1,0,0
798,1,5,1,1,1
800,1,3,1,0,1
802,1,1,0,0,0
804,1,3,1,0,3
806,1,3,0,0,4
807,1,0,0,0,4
809,1,1,0,1,1
811,1,3,0,1,0
813,1,4,1,0,0
815,1,3,1,1,2
817,1,3,1,1,1
819,1,1,0,1,1
821,1,2,1,2,4
823,1,0,0,1,2
825,1,6,0,0,2
827,1,3,0,0,0
829,1,6,1,2,4
831,1,6,1,1,3
833,1,4,0,0,1
835,1,1,1,1,0
837,1,4,0,2,3
839,1,2,0,1,0
841,1,2,0,0,0
843,1,5,0,1,3
845,1,6,1,1,1
847,1,2,1,0,0
849,1,3,0,1,0
852,1,4,1,0,2
854,1,2,0,1,2
856,1,5,0,0,2
858,1,0,0,1,2
860,1,1,0,1,0
862,1,3,0,0,1
864,1,0,1,1,3
866,1,2,1,0,2
867,1,2,0,0,3
869,1,5,1,2,1
872,1,3,1,0,3
874,1,3,1,2,3
876,1,4,0,0,3
878,1,6,1,0,0
880,1,6,1,0,1
882,1,2,1,0,0
884,1,2,1,2,2
886,1,3,1,2,1
888,1,3,0,2,0
890,1,4,1,2,3
892,1,6,1,1,1
894,1,6,1,0,0
896,1,5,1,0,0
898,1,6,1,0,1
900,1,2,1,0,0
902,1,0,0,0,4
903,1,2,1,0,0
905,1,5,0,0,1
908,1,3,1,0,0
910,1,6,0,0,0
912,1,6,1,1,3
914,1,6,1,2,1
916,1,5,0,0,3
918,1,0,1,1,3
920,1,2,0,0,2
922,1,2,1,1,2
924,1,6,1,2,3
926,1,3,0,2,2
928,1,3,0,0,1
930,1,4,1,0,2
932,1,6,0,1,2
934,1,4,1,0,0
936,1,2,0,1,0
938,1,1,1,0,3
940,1,1,1,1,3
943,1,1,1,1,0
945,1,4,0,0,2
948,1,0,1,0,3
949,1,4,1,0,2
951,1,4,0,0,2
954,1,0,1,1,1
956,1,3,1,1,1
959,1,1,0,1,1
961,1,5,1,0,3
964,1,4,1,0,1
967,1,3,0,1,2
969,1,4,1,1,0
972,1,3,0,0,2
974,1,1,0,1,2
977,1,0,1,1,0
980,1,6,0,2,1
982,1,1,0,2,4
985,1,0,0,2,3
987,1,2,1,1,1
990,1,0,0,1,1
992,1,0,1,1,2
994,1,6,1,2,2
997,1,6,1,1,1
1000,1,4,0,0,3
1002,1,0,1,1,2
1005,1,6,0,0,1
1007,1,6,0,0,1
1010,1,6,0,2,4
1012,1,6,1,2,0
1015,1,6,1,1,1
1017,1,1,0,1,0
1020,1,0,0,1,2
1022,1,3,1,0,1
1025,1,2,0,0,1
1027,1,5,1,0,3
1030,1,5,1,2,0
1032,1,3,0,0,3
1035,1,5,1,0,3
1037,1,2,0,0,2
1040,1,2,1,0,0
1043,1,2,0,0,4
1045,1,4,1,0,2
1048,1,1,1,0,1
1050,1,3,1,0,1
1053,1,3,0,0,4
1055,1,4,0,0,3
1058,1,6,0,2,0
1060,1,6,1,0,1
1063,1,5,1,1,1
1066,1,6,1,0,3
1068,1,1,0,1,0
1071,1,0,0,1,4
1073,1,6,1,1,1
1076,1,1,1,0,0
1078,1,0,1,0,0
1081,1,3,1,0,3
1083,1,0,0,1,1
1086,1,2,1,0,3
1089,1,2,1,0,2
1091,1,3,0,0,2
1094,1,2,1,0,3
1096,1,5,1,1,1
1099,1,6,1,1,1
1102,1,3,1,1,0
1104,1,6,1,2,1
1107,1,6,1,0,0
1109,1,4,0,0,2
1111,1,4,1,0,2
1113,1,0,1,0,4
1115,1,6,1,0,1
1118,1,2,0,0,1
1121,1,4,0,0,2
1123,1,3,0,0,3
1126,1,5,1,2,0
1128,1,3,1,1,0
1131,1,2,1,1,2
1133,1,4,1,0,2
1136,1,5,0,0,1
1138,1,3,1,0,4
1139,1,2,1,1,3
1142,1,0,0,1,1
1144,1,3,0,2,2
1147,1,4,1,0,2
1150,1,0,0,0,2
1152,1,4,0,0,2
1155,1,6,0,0,0
1157,1,1,1,0,2
1160,1,5,1,0,2
1163,1,1,0,0,4
1165,1,3,1,0,3
1168,1,5,1,0,3
1170,1,0,0,0,3
1172,1,0,0,1,3
1174,1,0,0,1,3
1177,1,6,1,0,0
1180,1,5,1,0,1
1182,1,0,0,2,4
1184,1,3,1,1,4
1185,1,0,1,1,1
1187,1,1,1,1,2
1189,1,3,1,0,0
1191,1,5,0,0,3
1193,1,4,0,0,0
1195,1,5,1,0,1
1197,1,6,1,0,1
1199,1,2,0,1,2
1201,1,3,1,1,3
1203,1,6,0,1,0
1206,1,3,0,0,2
1208,1,0,1,0,0
1210,1,3,1,0,1
1212,1,0,1,0,3
1214,1,3,1,0,1
1216,1,4,1,0,2
1218,1,0,1,1,2
1221,1,2,0,0,1
1223,1,0,1,1,3
1225,1,5,0,1,1
1227,1,1,0,0,0
1229,1,5,0,0,1
1231,1,6,1,2,1
1233,1,5,1,0,1
1235,1,4,1,0,3
1237,1,6,0,2,1
1240,1,5,1,0,3
1242,1,3,1,0,0
1244,1,0,1,0,2
1246,1,4,0,0,0
1248,1,1,1,1,0
1250,1,5,0,2,2
1251,1,6,1,0,2
1253,1,6,1,1,1
1254,1,6,0,2,2
1256,1,6,0,0,0
1258,1,2,1,0,1
1260,1,6,0,0,1
1261,1,6,1,2,1
1263,1,3,1,2,1
1265,1,6,0,2,3
1266,1,2,1,0,3
1268,1,2,0,2,0
1269,1,2,0,0,1
1271,1,0,1,0,0
1274,2,6,0,1,1
1276,2,1,0,0,3
1278,2,2,1,0,3
1280,2,3,1,0,3
1282,2,6,0,2,1
1284,2,2,1,0,3
1286,2,3,1,2,1
1287,2,4,1,0,3
1289,2,6,1,0,1
1291,2,2,0,1,1
1292,2,5,0,2,3
1294,2,2,0,1,3
1296,2,3,0,0,3
1297,2,6,1,0,1
1299,2,4,1,0,2
1300,2,3,1,0,1
1302,2,5,0,0,2
1303,2,2,1,1,3
1305,2,6,1,0,2
1306,2,6,1,0,1
1308,2,3,1,0,2
1309,2,2,0,0,1
1311,2,2,1,2,0
1313,2,4,0,2,3
1314,2,5,0,0,3
1316,2,3,0,0,1
1317,2,5,0,2,0
1319,2,4,0,0,0
1321,2,3,1,2,4
1323,2,0,0,0,3
1325,2,1,1,1,2
1327,2,3,1,1,3
1329,2,3,1,1,1
1331,2,6,1,0,1
1333,2,0,1,0,3
1334,2,6,1,0,1
1336,2,4,0,0,1
1338,2,6,0,2,0
1340,2,0,1,1,0
1342,2,6,0,1,3
1344,2,1,1,0,3
1346,2,5,1,2,1
1348,2,5,0,0,2
1350,2,5,0,0,3
1352,2,0,0,0,3
1354,2,3,1,1,4
1356,2,5,1,0,2
1358,2,1,1,1,2
1360,2,4,0,0,3
1362,2,4,1,0,2
1364,2,6,0,0,4
1366,2,4,1,0,1
1368,2,4,1,0,3
1370,2,2,1,1,3
1373,2,2,1,1,0
1375,2,2,1,0,4
1377,2,2,0,2,0
1379,2,4,1,0,3
1380,2,6,1,2,1
1382,2,3,1,0,3
1384,2,1,1,0,4
1386,2,4,1,0,1
1388,2,6,1,0,2
1390,2,5,0,2,0
1392,2,4,1,0,2
1394,2,2,1,1,1
1396,2,2,0,0,1
1399,2,6,1,2,1
1401,2,1,1,1,1
1403,2,3,0,0,0
1405,2,2,0,2,1
1407,2,6,1,2,0
1409,2,0,1,1,1
1411,2,4,1,0,0
1413,2,2,0,0,0
1415,2,4,1,0,3
1417,2,4,0,0,2
1419,2,2,0,0,1
1421,2,0,0,1,1
1423,2,3,1,2,1
1425,2,3,0,0,3
1427,2,4,1,0,1
1429,2,6,1,0,3
1431,2,6,0,2,3
1433,2,4,1,0,0
1435,2,6,0,2,2
1437,2,1,1,0,3
1439,2,4,1,0,2
1441,2,6,1,1,0
1443,2,6,1,0,1
1445,2,4,0,1,2
1447,2,6,1,2,1
1449,2,4,0,1,2
1451,2,1,1,1,2
1453,2,0,1,0,0
1455,2,2,0,1,4
1457,2,3,1,0,4
1459,2,0,0,1,1
1461,2,4,0,1,3
1463,2,2,0,0,1
1465,2,1,1,1,1
1467,2,6,1,0,2
1469,2,5,0,0,2
1471,2,5,1,0,1
1473,2,4,0,0,1
1475,2,3,1,0,2
1477,2,6,1,2,1
1479,2,4,1,0,2
1481,2,3,0,2,1
1483,2,3,1,0,3
1485,2,6,0,0,1
1487,2,6,1,1,0
1488,2,0,1,1,4
1490,2,6,1,0,1
1491,2,3,1,0,4
1493,2,3,1,0,0
1495,2,6,1,2,2
1496,2,6,1,0,1
1498,2,2,0,2,0
1499,2,4,0,0,4
1501,2,4,1,0,0
1503,2,5,1,1,1
1504,2,5,1,2,1
1506,2,0,1,0,1
1507,2,3,0,0,1
1509,2,3,1,2,4
1510,2,5,0,0,2
1512,2,6,1,0,3
1514,2,2,1,1,2
1515,2,3,1,0,3
1517,2,3,1,1,4
1518,2,0,1,0,2
1520,2,6,0,0,1
1521,2,1,1,1,3
1523,2,6,1,0,0
1525,2,5,1,0,2
1526,2,4,1,1,4
1528,2,6,0,2,3
1530,2,2,0,0,2
1532,2,6,0,2,3
1534,2,3,0,0,2
1537,2,6,1,0,0
1539,2,6,0,0,1
1541,2,0,0,1,1
1543,2,0,0,1,2
1545,2,6,0,0,1
1547,2,5,1,0,2
1549,2,1,1,0,0
1552,2,3,1,0,3
1554,2,6,1,0,3
1556,2,6,0,2,0
1558,2,6,0,0,2
1560,2,0,1,2,4
1562,2,3,1,0,0
1564,2,4,0,0,3
1566,2,6,1,2,1
1568,2,3,1,0,2
1570,2,0,1,0,1
1572,2,1,1,0,3
1573,2,5,1,0,2
1575,2,4,1,0,2
1578,2,1,0,0,1
1580,2,6,1,0,0
1582,2,6,1,2,1
1584,2,3,1,0,3
1586,2,4,1,0,1
1588,2,4,1,0,1
1590,2,4,1,0,0
1592,2,0,1,1,2
1594,2,0,1,1,0
1596,2,2,1,0,2
1598,2,6,0,2,1
1600,2,2,0,1,1
1602,2,6,0,0,0
1604,2,6,0,1,1
1606,2,3,1,0,3
1608,2,6,1,0,3
1609,2,1,0,1,4
1611,2,3,0,1,3
1613,2,4,0,0,3
1615,2,1,1,0,4
1617,2,0,1,2,4
1619,2,6,1,2,1
1621,2,6,1,0,1
1623,2,5,0,0,0
1625,2,3,1,0,3
1627,2,0,0,1,2
1629,2,3,0,0,1
1632,2,0,1,1,3
1634,2,4,1,0,4
1636,2,0,1,0,3
1637,2,4,0,0,2
1639,2,2,1,2,1
1641,2,1,0,1,1
1643,2,4,0,0,0
1645,2,1,1,0,2
1646,2,6,1,1,0
1648,2,5,0,0,2
1650,2,6,1,0,0
1651,2,6,0,2,1
1653,2,6,1,2,1
1654,2,3,1,0,1
1656,2,3,1,0,3
1657,2,1,1,1,4
1659,2,6,0,0,1
1661,2,0,0,1,3
1662,2,4,0,0,3
1664,2,4,0,0,0
1665,2,4,0,0,3
1667,2,4,1,0,3
1669,2,0,1,0,1
1670,2,4,1,0,2
1672,2,1,0,1,0
1674,2,1,0,0,2
1675,2,1,1,1,2
1677,2,6,1,1,2
1679,2,3,1,0,3
1681,2,6,0,0,0
1683,2,3,0,2,1
1685,2,4,1,0,0
1687,2,0,0,1,3
1689,2,3,0,1,3
1691,2,1,0,0,0
1693,2,3,0,0,1
1695,2,6,0,0,3
1696,2,3,1,0,0
1698,2,2,0,0,1
1700,2,3,1,2,1
1702,2,0,0,0,1
1704,2,6,1,0,1
1705,2,3,1,0,1
1707,2,4,0,0,2
1709,2,5,0,0,1
1710,2,3,0,0,2
1712,2,1,1,1,2
1713,2,1,1,2,3
1715,2,4,0,1,2
1717,2,5,1,2,1
1718,2,6,1,0,0
1720,2,4,1,0,3
1721,2,6,1,0,1
1723,2,2,0,0,0
1725,2,4,0,1,4
1726,2,3,1,0,3
1728,2,1,1,0,2
1730,2,3,0,0,3
1731,2,2,1,1,3
1733,2,1,0,1,2
1735,2,6,1,1,1
1736,2,6,1,0,0
1738,2,2,1,0,3
1739,2,5,0,0,1
1741,2,4,1,0,1
1743,2,2,1,0,1
1744,2,3,1,2,3
1746,2,3,0,1,2
1748,2,0,0,2,1
1749,2,5,0,0,3
1751,2,5,0,2,4
1752,2,1,1,2,0
1754,2,5,0,0,1
1756,2,5,1,1,0
1757,2,6,0,0,0
1759,2,6,1,0,1
1761,2,2,0,1,1
1762,2,2,0,0,3
1764,2,2,0,0,1
1765,2,3,0,0,1
1767,2,3,0,0,2
1769,2,1,1,1,0
1770,2,3,1,0,1
1772,2,0,1,1,1
1773,2,6,1,0,2
1775,2,3,1,0,2
1777,2,5,1,2,0
1778,2,6,1,2,1
1780,2,4,1,0,2
1782,2,1,1,1,0
1784,2,2,1,1,1
1786,2,1,1,0,3
1788,2,0,1,1,4
1790,2,5,1,2,1
1792,2,6,1,2,2
1793,2,4,1,2,4
1794,2,6,1,0,1
1795,2,3,1,0,0
1796,2,1,1,1,2
1797,2,3,0,1,1
1798,2,2,1,0,1
1799,2,6,1,0,1
1800,2,6,1,0,0
1801,2,5,1,0,0
1802,2,2,1,0,3
1803,2,3,1,1,1
1804,2,6,1,0,3
1805,2,0,0,1,4
1806,2,1,0,1,2
1807,2,4,1,0,0
1808,2,2,1,0,1
1809,2,6,1,2,0
1810,2,4,1,1,1
1811,2,0,0,1,3
1812,2,3,1,1,2
1813,2,2,1,0,1
1814,2,1,1,0,2
1815,2,0,1,0,3
1816,2,6,0,2,0
1817,2,5,1,0,1
1818,2,2,1,0,2
1819,2,3,1,0,1
1820,2,4,1,0,1
1821,2,6,0,0,3
1822,2,6,1,1,0
1823,2,1,1,1,0
1824,2,3,0,0,3
1825,2,4,0,1,3
1826,2,3,0,0,3
1827,2,0,1,1,1
1828,2,6,1,0,1
1829,2,2,0,1,1
1830,2,1,0,0,1
1831,2,5,0,0,2
1832,2,6,0,0,3
1833,2,4,1,0,1
1834,2,0,0,1,2
1835,2,3,0,0,1
1836,2,4,0,0,1
1837,2,0,0,2,3
1838,2,2,1,0,1
1839,2,6,1,0,1
1840,2,3,1,1,0
1841,2,6,0,1,1
1842,2,6,1,0,2
1843,2,6,1,2,1
1844,2,3,1,0,3
1845,2,0,1,1,2
1846,2,6,1,0,2
1847,2,3,1,0,3
1848,2,6,1,0,0
1849,2,0,0,1,1
1850,2,4,0,0,2
1851,2,0,0,1,2
1852,2,6,1,2,1
1853,2,6,1,0,1
1854,2,2,0,1,3
1855,2,6,0,2,0
1856,2,4,1,1,4
1857,2,1,1,0,0
1858,2,4,1,2,0
1859,2,6,0,2,0
1860,2,4,1,0,2
1861,2,6,0,0,1
1862,2,4,1,1,1
1863,2,2,1,1,0
1864,2,0,1,1,3
1865,2,2,1,2,4
1866,2,4,0,1,3
1867,2,2,1,0,3
1868,2,4,1,0,0
1869,2,2,1,0,0
1870,2,6,1,0,0
1871,2,0,0,1,2
1872,2,6,0,0,1
1873,2,2,0,0,2
1874,2,3,1,1,3
1875,2,0,0,0,3
1876,2,1,1,1,0
1877,2,6,1,0,0
1878,2,6,1,0,3
1879,2,1,1,1,4
1880,2,1,0,1,4
1881,2,2,0,1,2
1882,2,0,1,1,0
1883,2,2,1,1,4
1884,2,3,1,0,3
1885,2,0,1,1,3
1886,2,3,1,0,0
1887,2,3,1,0,1
1888,2,4,1,2,4
1889,2,2,1,0,0
1890,2,3,1,0,0
1891,2,6,0,2,1
1892,2,2,0,0,1
1893,2,6,1,2,1
1894,2,0,0,0,2
1895,2,4,0,0,2
1896,2,6,1,2,4
1897,2,6,1,2,4
1898,2,2,1,0,0
1899,2,3,0,1,4
1900,2,6,0,0,1
1901,2,2,0,0,1
1902,2,3,1,2,0
1903,2,4,1,0,1
1904,2,0,0,2,4
1905,2,4,1,2,3
1906,2,0,1,1,0
1907,2,0,1,2,0
1908,2,3,1,1,3
1909,2,5,1,0,2
1910,2,0,1,0,1
1911,2,0,1,1,4
1912,2,2,0,1,0
1913,2,6,1,0,1
1914,2,6,1,0,1
1915,2,1,0,1,0
0,3,6,1,1,1
2,3,3,0,0,0
4,3,4,1,0,1
6,3,6,1,0,1
8,3,2,0,1,3
11,3,6,0,0,0
13,3,0,1,1,1
15,3,5,0,1,2
16,3,5,0,2,0
18,3,6,1,0,3
20,3,5,1,0,1
22,3,6,0,0,1
25,3,4,0,0,2
27,3,5,1,0,0
30,3,1,1,1,4
32,3,4,0,0,1
34,3,4,1,2,3
37,3,0,1,1,1
40,3,0,0,0,4
42,3,5,1,0,3
45,3,5,0,0,4
47,3,4,0,0,0
50,3,5,1,2,1
53,3,3,1,1,3
56,3,4,1,0,1
57,3,5,1,0,0
59,3,6,0,2,3
60,3,4,1,0,0
62,3,2,1,0,2
64,3,6,1,0,3
66,3,2,0,1,3
68,3,2,1,0,1
70,3,6,0,0,1
72,3,0,0,2,4
74,3,2,0,0,2
76,3,2,1,1,2
79,3,2,1,0,3
81,3,6,1,2,0
83,3,6,1,0,2
85,3,4,0,0,1
87,3,3,0,0,1
90,3,3,0,0,2
92,3,6,1,0,0
94,3,6,1,2,1
96,3,3,0,0,1
99,3,6,1,0,1
101,3,5,0,2,1
103,3,5,1,0,2
105,3,6,0,2,1
107,3,6,0,0,0
109,3,5,1,0,0
110,3,0,1,1,0
112,3,6,1,1,0
114,3,4,1,0,0
116,3,5,0,0,0
118,3,2,1,0,2
119,3,3,0,0,3
122,3,4,0,1,4
124,3,0,0,2,4
126,3,2,1,1,0
128,3,4,1,0,0
130,3,3,1,1,2
132,3,5,1,0,3
133,3,6,0,2,0
135,3,5,0,0,1
137,3,4,1,0,1
139,3,2,1,0,0
140,3,3,1,1,3
142,3,3,1,0,1
143,3,2,1,0,0
145,3,6,0,0,0
147,3,6,1,0,1
148,3,4,0,1,1
150,3,5,0,0,4
152,3,3,1,0,1
153,3,4,0,2,3
156,3,2,1,1,0
159,3,4,1,0,1
160,3,5,0,0,1
163,3,3,1,0,1
166,3,2,1,1,3
167,3,3,0,0,0
170,3,0,1,1,4
173,3,3,1,1,3
175,3,4,0,1,0
178,3,0,0,0,1
181,3,6,0,0,2
183,3,6,1,2,1
186,3,4,0,2,3
188,3,2,0,1,0
190,3,0,0,0,1
192,3,2,1,1,4
194,3,6,1,1,1
196,3,4,0,2,4
198,3,2,0,0,3
200,3,5,0,1,0
202,3,5,1,0,0
204,3,4,1,0,3
207,3,2,0,1,0
209,3,1,1,0,0
212,3,4,1,0,0
214,3,6,1,2,0
217,3,6,1,0,0
219,3,4,1,0,1
222,3,3,0,0,0
224,3,6,1,0,1
227,3,5,1,2,0
230,3,6,1,0,3
232,3,6,1,0,2
235,3,5,0,1,3
237,3,3,0,2,1
239,3,3,1,0,0
241,3,2,1,0,4
243,3,4,1,0,4
245,3,5,0,0,3
247,3,4,0,0,3
249,3,5,1,1,1
250,3,2,1,0,1
252,3,2,0,1,0
254,3,5,1,2,0
256,3,2,1,0,2
258,3,2,1,1,3
260,3,6,1,0,2
262,3,2,0,0,2
264,3,0,0,1,3
266,3,4,1,0,1
267,3,3,1,2,3
269,3,2,1,1,0
271,3,0,1,1,4
273,3,2,0,0,2
276,3,4,1,0,2
278,3,4,1,0,3
280,3,0,0,1,3
282,3,3,1,0,2
284,3,0,1,0,2
286,3,6,1,0,2
287,3,3,1,2,3
289,3,6,0,1,4
291,3,4,0,0,0
293,3,4,1,0,2
295,3,5,0,0,1
297,3,3,1,0,1
299,3,6,0,0,2
301,3,3,0,0,1
303,3,6,1,0,1
305,3,4,0,0,1
307,3,3,1,0,1
308,3,4,1,0,0
310,3,5,0,2,2
312,3,5,1,0,1
314,3,1,0,2,1
316,3,5,0,2,0
318,3,0,0,1,4
320,3,4,0,0,1
322,3,0,1,1,1
324,3,0,1,1,4
326,3,2,1,0,1
328,3,6,1,0,1
330,3,2,0,0,1
332,3,5,1,2,1
334,3,2,0,2,0
336,3,3,0,0,3
338,3,3,1,0,1
340,3,0,1,0,1
342,3,3,0,2,1
344,3,6,0,2,0
346,3,2,1,0,1
348,3,6,1,2,1
350,3,4,0,0,2
352,3,3,0,0,3
354,3,4,1,0,1
356,3,6,1,0,2
358,3,6,1,2,2
360,3,4,0,0,3
362,3,4,1,0,3
364,3,6,1,0,0
366,3,6,0,0,2
368,3,6,0,0,2
370,3,6,0,2,0
371,3,5,1,1,3
373,3,1,0,1,1
375,3,6,0,0,0
376,3,4,0,0,0
378,3,4,0,1,2
379,3,6,1,0,0
381,3,0,1,2,4
383,3,4,1,0,0
384,3,4,1,0,1
386,3,6,1,2,0
388,3,0,0,1,2
389,3,3,1,0,1
391,3,6,0,0,1
393,3,4,1,1,0
394,3,6,1,2,3
396,3,4,0,1,2
397,3,1,1,1,3
399,3,2,1,0,1
401,3,6,1,2,1
402,3,3,0,1,4
404,3,5,1,2,0
406,3,5,0,2,1
407,3,6,0,0,3
409,3,4,1,0,3
411,3,4,1,0,0
412,3,2,0,1,3
414,3,5,1,2,1
416,3,5,0,1,0
417,3,3,1,0,4
419,3,5,0,0,3
421,3,5,1,0,0
423,3,4,1,0,3
424,3,6,0,2,3
426,3,0,1,1,4
427,3,2,0,1,1
429,3,4,1,2,1
431,3,0,0,0,1
432,3,0,0,1,3
434,3,0,1,1,2
435,3,0,0,2,1
437,3,0,0,1,2
438,3,5,0,2,2
440,3,6,1,0,0
442,3,6,1,0,1
443,3,2,0,1,0
445,3,4,1,0,1
446,3,2,1,0,1
448,3,3,1,0,2
450,3,4,1,0,1
451,3,0,1,2,2
453,3,3,1,0,4
454,3,5,0,0,3
456,3,4,0,2,2
458,3,3,0,1,3
459,3,4,1,0,1
461,3,5,1,2,0
462,3,6,1,0,0
464,3,5,0,0,2
466,3,6,0,1,4
467,3,6,0,0,2
469,3,3,1,0,3
470,3,0,0,2,4
472,3,6,1,0,1
473,3,0,1,1,0
475,3,4,0,0,0
477,3,6,1,0,0
478,3,0,0,0,2
480,3,2,1,0,1
481,3,4,0,0,0
483,3,4,1,2,2
484,3,5,0,0,2
486,3,0,0,0,2
488,3,1,0,0,4
489,3,2,0,1,4
491,3,6,1,0,0
492,3,0,0,2,3
494,3,5,0,0,0
496,3,4,0,0,1
497,3,3,1,0,2
499,3,4,1,0,0
501,3,6,1,1,2
502,3,6,0,0,1
504,3,5,0,0,1
506,3,5,1,0,0
507,3,0,0,0,3
509,3,0,0,1,1
510,3,2,0,0,3
512,3,3,1,0,3
514,3,0,0,1,3
516,3,0,1,1,2
517,3,6,1,0,2
519,3,5,0,2,1
521,3,4,1,1,2
522,3,2,0,0,0
524,3,5,0,0,0
526,3,3,1,0,1
527,3,2,0,1,1
529,3,4,1,2,0
531,3,0,0,0,3
532,3,6,1,0,0
534,3,6,1,0,1
536,3,1,0,2,3
538,3,3,1,2,2
540,3,1,0,0,0
543,3,5,1,0,1
545,3,2,0,2,0
547,3,6,0,0,1
550,3,2,1,2,2
553,3,0,1,0,4
555,3,4,0,0,1
558,3,4,1,0,1
561,3,5,0,0,2
563,3,4,1,2,1
565,3,3,0,1,0
568,3,3,0,0,3
570,3,2,0,0,2
573,3,0,1,1,2
575,3,5,1,2,2
578,3,0,1,1,3
580,3,3,0,2,3
583,3,4,0,1,3
586,3,6,0,0,2
588,3,0,0,1,3
591,3,0,0,0,1
593,3,5,1,0,0
596,3,5,0,2,2
599,3,6,1,2,1
601,3,4,1,2,1
603,3,2,0,0,1
606,3,5,0,0,2
608,3,3,0,0,4
611,3,4,0,0,2
614,3,3,1,0,4
616,3,2,1,0,3
619,3,6,0,0,1
621,3,2,1,1,0
624,3,2,0,0,1
626,3,6,1,2,3
629,3,2,1,0,2
632,3,6,0,0,1
634,3,4,1,0,1
637,3,6,1,1,2
639,3,5,0,0,1
642,3,5,0,2,3
645,3,6,1,0,1
647,3,5,0,0,0
650,3,5,1,0,1
652,3,3,1,2,4
655,3,4,1,2,1
657,3,0,0,0,4
660,3,2,0,0,0
663,3,5,1,0,1
665,3,4,1,0,4
668,3,3,0,2,0
670,3,4,1,0,0
673,3,4,1,0,1
675,3,5,1,0,0
678,3,5,0,0,1
680,3,2,1,0,0
683,3,4,1,0,1
685,3,5,0,0,1
688,3,6,1,2,0
690,3,6,0,0,1
693,3,2,0,2,0
696,3,4,0,1,3
698,3,0,1,1,3
701,3,6,0,0,2
703,3,2,0,0,4
706,3,0,1,2,4
708,3,3,1,0,4
710,3,0,0,1,4
712,3,5,1,0,1
714,3,3,0,1,1
716,3,3,0,1,1
718,3,0,1,0,1
720,3,6,1,0,0
722,3,4,0,1,3
724,3,0,1,0,1
726,3,1,0,0,3
728,3,5,1,2,1
730,3,4,1,0,3
732,3,6,1,0,1
734,3,1,1,2,2
736,3,4,1,0,0
738,3,5,0,0,1
740,3,4,0,0,3
742,3,5,0,2,1
744,3,2,0,1,4
746,3,5,0,0,3
748,3,6,1,2,1
750,3,6,1,2,0
752,3,2,0,1,0
754,3,5,0,0,2
756,3,0,0,0,4
758,3,0,1,1,2
760,3,0,1,1,3
762,3,5,0,0,1
764,3,2,1,0,3
766,3,3,1,1,1
769,3,1,1,2,4
771,3,0,0,1,3
773,3,3,0,1,1
775,3,4,1,0,1
777,3,5,0,0,0
779,3,0,0,1,2
781,3,0,0,1,3
783,3,3,0,1,0
785,3,5,1,0,0
787,3,0,1,1,3
789,3,4,1,1,2
791,3,0,1,0,4
793,3,3,0,0,2
795,3,4,1,0,3
797,3,6,0,0,1
799,3,4,0,0,3
801,3,3,0,0,2
803,3,6,1,2,1
805,3,2,1,1,1
808,3,6,1,0,0
810,3,5,0,1,3
812,3,6,1,0,1
814,3,4,0,2,1
816,3,2,0,0,1
818,3,1,1,1,2
820,3,1,1,1,0
822,3,5,1,0,1
824,3,6,1,2,2
826,3,1,0,2,4
828,3,6,0,1,1
830,3,0,0,1,1
832,3,6,1,0,0
834,3,6,1,2,1
836,3,3,1,0,3
838,3,2,1,1,3
840,3,4,0,0,1
842,3,6,1,1,0
844,3,0,1,1,3
846,3,4,1,1,2
848,3,0,0,1,0
850,3,6,1,0,1
851,3,3,1,2,4
853,3,6,1,0,1
855,3,3,0,2,3
857,3,0,1,1,2
859,3,1,0,1,0
861,3,3,0,0,3
863,3,5,1,2,1
865,3,5,1,2,1
868,3,0,0,1,1
870,3,5,0,2,3
871,3,0,1,1,3
873,3,3,0,0,2
875,3,6,1,0,2
877,3,6,1,0,1
879,3,3,0,0,1
881,3,0,1,0,4
883,3,6,0,0,4
885,3,5,1,0,1
887,3,6,1,0,1
889,3,0,1,1,4
891,3,3,1,1,1
893,3,4,1,2,3
895,3,3,0,2,1
897,3,4,0,2,2
899,3,5,0,0,1
901,3,5,1,2,1
904,3,3,1,2,3
906,3,5,0,0,3
907,3,3,0,1,2
909,3,6,1,2,1
911,3,0,0,2,2
913,3,5,1,1,3
915,3,3,0,0,2
917,3,0,0,1,4
919,3,4,1,2,3
921,3,6,1,0,1
923,3,6,1,1,1
925,3,3,0,2,2
927,3,6,0,2,3
929,3,5,0,0,3
931,3,6,1,0,0
933,3,6,0,1,4
935,3,6,1,1,4
937,3,6,0,0,1
939,3,6,1,0,1
941,3,6,1,0,2
942,3,2,0,2,1
944,3,3,0,1,1
946,3,6,0,1,0
947,3,4,1,1,3
950,4,6,1,1,1
952,4,4,1,0,0
953,4,3,0,0,3
955,4,6,0,2,1
957,4,6,1,2,3
958,4,2,0,0,0
960,4,2,1,0,1
962,4,5,0,0,3
963,4,2,1,0,0
965,4,4,1,2,4
966,4,3,1,1,1
968,4,3,0,0,3
970,4,0,0,0,3
971,4,3,1,1,4
973,4,6,1,0,2
975,4,3,0,2,2
976,4,2,1,1,4
978,4,0,0,0,4
979,4,0,1,0,1
981,4,0,0,1,2
983,4,0,0,1,2
984,4,2,1,0,1
986,4,4,0,0,2
988,4,5,1,1,1
989,4,6,0,1,2
991,4,2,0,0,2
993,4,0,1,1,2
995,4,5,1,0,4
996,4,4,0,0,1
998,4,3,0,0,3
999,4,3,0,1,0
1001,4,3,1,0,1
1003,4,5,0,0,1
1004,4,2,1,0,3
1006,4,0,1,0,2
1008,4,4,0,1,1
1009,4,3,0,0,3
1011,4,5,1,0,1
1013,4,0,0,1,4
1014,4,4,0,0,2
1016,4,6,0,0,1
1018,4,4,0,0,2
1019,4,1,1,1,0
1021,4,5,0,0,1
1023,4,4,0,2,3
1024,4,6,1,0,1
1026,4,2,0,1,1
1028,4,3,1,0,4
1029,4,5,0,0,1
1031,4,3,0,0,1
1033,4,2,1,0,1
1034,4,3,1,0,2
1036,4,5,0,0,1
1038,4,2,0,0,1
1039,4,0,0,2,2
1041,4,6,1,2,4
1042,4,6,0,0,0
1044,4,3,1,0,4
1046,4,6,0,0,0
1047,4,4,0,2,0
1049,4,5,1,1,1
1051,4,3,0,2,3
1052,4,3,1,2,4
1054,4,1,1,1,3
1056,4,4,0,0,0
1057,4,0,0,1,3
1059,4,4,0,0,4
1061,4,6,1,0,1
1062,4,4,1,0,0
1064,4,1,1,1,2
1065,4,0,1,1,2
1067,4,0,1,1,4
1069,4,3,0,0,2
1070,4,6,0,0,2
1072,4,6,1,0,1
1074,4,0,0,0,4
1075,4,0,0,1,0
1077,4,5,0,0,1
1079,4,5,1,1,2
1080,4,4,1,0,2
1082,4,4,1,0,2
1084,4,0,0,2,3
1085,4,5,1,0,0
1087,4,6,0,1,1
1088,4,6,1,2,0
1090,4,0,1,1,3
1092,4,1,1,1,1
1093,4,6,1,0,1
1095,4,0,0,2,4
1097,4,4,0,1,4
1098,4,4,0,0,0
1100,4,0,0,1,3
1101,4,4,1,0,1
1103,4,3,1,1,3
1105,4,4,1,0,1
1106,4,6,0,1,1
1108,4,4,1,0,1
1110,4,4,0,1,2
1112,4,0,0,1,3
1114,4,0,0,1,3
1116,4,3,1,0,3
1117,4,0,0,1,1
1119,4,4,1,0,1
1120,4,3,0,1,4
1122,4,2,0,1,1
1124,4,0,0,0,1
1125,4,6,1,2,1
1127,4,6,0,1,0
1129,4,5,1,1,1
1130,4,5,0,0,4
1132,4,6,1,0,0
1134,4,3,1,0,3
1135,4,6,1,0,0
1137,4,0,1,1,0
1140,4,0,1,1,4
1141,4,0,1,1,0
1143,4,6,0,1,3
1145,4,4,1,2,1
1146,4,4,1,0,1
1148,4,4,1,0,3
1149,4,0,1,2,3
1151,4,4,1,0,2
1153,4,6,1,2,1
1154,4,3,0,1,3
1156,4,3,0,0,1
1158,4,4,0,1,0
1159,4,6,0,1,4
1161,4,3,1,1,2
1162,4,3,1,0,3
1164,4,0,1,1,3
1166,4,0,0,1,4
1167,4,4,0,0,3
1169,4,5,1,0,1
1171,4,3,0,1,3
1173,4,1,1,1,2
1175,4,3,0,0,2
1176,4,6,1,0,1
1178,4,6,0,1,0
1179,4,4,0,1,2
1181,4,1,0,1,2
1183,4,0,1,0,1
1185,4,5,1,2,1
1188,4,3,1,0,2
1190,4,3,1,0,3
1192,4,4,1,1,1
1194,4,0,0,0,3
1196,4,4,0,0,2
1198,4,6,1,0,1
1200,4,4,0,1,3
1202,4,6,1,2,1
1204,4,3,0,1,0
1205,4,0,0,1,4
1207,4,5,1,1,0
1209,4,0,1,1,3
1211,4,2,0,1,3
1213,4,5,0,0,3
1215,4,0,0,1,4
1217,4,6,1,2,1
1219,4,5,1,0,1
1220,4,3,1,0,3
1222,4,0,0,1,2
1224,4,6,1,2,1
1226,4,3,1,0,0
1228,4,3,1,0,0
1230,4,2,1,0,2
1232,4,0,0,1,1
1234,4,0,0,0,3
1236,4,5,0,0,3
1238,4,4,1,0,4
1239,4,3,0,1,1
1241,4,3,1,0,1
1243,4,3,0,2,3
1245,4,2,1,0,1
1247,4,0,0,2,4
1249,4,4,0,1,2
1252,4,0,1,1,0
1255,4,4,1,0,2
1257,4,6,1,2,1
1259,4,4,1,0,3
1262,4,3,0,1,1
1264,4,5,1,0,1
1267,4,6,1,0,1
1270,4,0,1,2,4
1272,4,4,0,0,3
1273,4,0,0,1,0
1275,4,2,1,0,2
1277,4,2,0,0,1
1279,4,6,1,1,0
1281,4,6,0,0,1
1283,4,4,0,0,0
1285,4,4,0,0,3
1288,4,5,0,1,0
1290,4,6,1,2,2
1293,4,6,1,1,2
1295,4,6,0,2,1
1298,4,5,1,2,3
1301,4,3,1,2,3
1304,4,6,1,0,1
1307,4,0,1,1,0
1310,4,6,1,1,2
1312,4,1,1,0,0
1315,4,0,0,1,3
1318,4,4,0,0,3
1320,4,5,0,1,4
1322,4,0,1,1,1
1324,4,6,0,0,0
1326,4,2,1,1,1
1328,4,6,1,2,4
1330,4,1,1,1,2
1332,4,5,1,0,2
1335,4,0,1,0,2
1337,4,5,1,0,1
1339,4,3,0,1,0
1341,4,5,1,0,1
1343,4,4,0,1,0
1345,4,5,1,0,2
1347,4,0,1,1,2
1349,4,4,0,0,4
1351,4,4,0,0,3
1353,4,4,1,0,4
1355,4,6,1,2,1
1357,4,5,0,0,3
1359,4,5,1,0,1
1361,4,2,0,1,2
1363,4,0,1,1,3
1365,4,0,0,1,1
1367,4,6,0,2,1
1369,4,6,1,1,4
1371,4,6,1,2,0
1372,4,2,1,0,4
1374,4,3,1,0,1
1376,4,4,0,1,2
1378,4,0,1,2,4
1381,4,3,1,2,2
1383,4,5,0,2,4
1385,4,5,0,0,3
1387,4,6,0,2,0
1389,4,4,1,1,4
1391,4,1,1,1,2
1393,4,4,0,0,1
1395,4,2,0,0,4
1397,4,6,1,2,1
1398,4,5,0,1,2
1400,4,0,1,0,3
1402,4,6,1,0,0
1404,4,4,1,0,1
1406,4,6,0,0,0
1408,4,1,0,1,2
1410,4,0,1,2,1
1412,4,0,0,1,0
1414,4,5,0,0,3
1416,4,2,0,1,3
1418,4,6,0,0,1
1420,4,5,0,0,1
1422,4,2,1,1,4
1424,4,6,0,0,1
1426,4,3,0,0,0
1428,4,0,0,0,1
1430,4,4,0,1,2
1432,4,4,0,2,0
1434,4,3,1,2,2
1436,4,6,0,0,1
1438,4,6,1,1,2
1440,4,3,1,0,1
1442,4,3,0,2,4
1444,4,4,1,0,3
1446,4,6,1,0,1
1448,4,0,0,0,1
1450,4,0,1,1,3
1452,4,0,1,1,3
1454,4,4,1,0,1
1456,4,5,1,0,1
1458,4,5,0,0,3
1460,4,4,0,0,3
1462,4,3,1,1,3
1464,4,1,1,1,1
1466,4,2,0,1,3
1468,4,6,1,2,1
1470,4,6,1,0,1
1472,4,6,1,2,0
1474,4,1,0,0,1
1476,4,1,1,2,1
1478,4,0,0,0,2
1480,4,3,1,0,2
1482,4,6,1,2,1
1484,4,3,1,0,1
1486,4,5,0,0,1
1489,4,6,1,0,2
1492,4,4,1,1,2
1494,4,6,1,0,3
1497,4,3,0,1,2
1500,4,3,1,1,3
1502,4,5,0,0,3
1505,4,0,1,1,0
1508,4,0,0,2,1
1511,4,5,1,0,1
1513,4,5,0,0,2
1516,4,4,1,0,1
1519,4,0,0,1,1
1522,4,4,0,0,2
1524,4,6,0,1,0
1527,4,0,1,0,4
1529,4,5,0,1,2
1531,4,3,0,0,0
1533,4,3,1,0,3
1535,4,6,1,1,1
1536,4,5,0,2,3
1538,4,5,1,0,2
1540,4,4,0,2,3
1542,4,0,1,1,1
1544,4,0,0,0,3
1546,4,1,0,1,3
1548,4,0,1,0,1
1550,4,4,0,0,2
1551,4,0,1,2,0
1553,4,1,1,0,3
1555,4,2,0,1,1
1557,4,0,0,1,3
1559,4,3,1,0,4
1561,4,3,1,1,4
1563,4,3,1,1,4
1565,4,3,1,1,3
1567,4,6,0,2,1
1569,4,4,1,0,3
1571,4,4,0,1,2
1574,4,0,0,0,1
1576,4,5,1,0,1
1577,4,6,1,0,1
1579,4,6,0,0,1
1581,4,2,1,1,2
1583,4,4,1,0,1
1585,4,6,1,2,1
1587,4,0,1,1,3
1589,4,4,0,1,3
1591,4,0,0,1,1
1593,4,0,0,1,3
1595,4,3,0,0,3
1597,4,6,0,1,1
1599,4,3,0,2,2
1601,4,6,1,0,0
1603,4,0,0,1,2
1605,4,5,0,1,1
1607,4,4,1,0,1
1610,4,4,0,0,1
1612,4,5,1,0,1
1614,4,4,0,0,1
1616,4,4,1,0,0
1618,4,3,1,0,1
1620,4,6,0,0,1
1622,4,3,1,0,1
1624,4,2,0,0,4
1626,4,6,1,2,2
1628,4,6,1,1,2
1630,4,5,0,0,1
1631,4,6,1,0,0
1633,4,2,0,2,4
1635,4,2,1,1,1
1638,4,6,1,0,1
1640,4,1,1,2,4
1642,4,6,1,2,3
1644,4,5,0,0,4
1647,4,0,1,0,1
1649,4,3,1,0,4
1652,4,5,1,2,1
1655,4,2,1,0,1
1658,4,0,0,1,1
1660,4,3,0,2,2
1663,4,0,1,0,3
1666,4,4,1,0,3
1668,4,6,1,0,1
1671,4,6,0,0,0
1673,4,3,1,0,1
1676,4,4,1,0,3
1678,4,4,0,2,0
1680,4,3,1,2,3
1682,4,5,1,0,3
1684,4,1,1,2,4
1686,4,3,0,0,4
1688,4,3,1,0,4
1690,4,0,0,0,2
1692,4,5,1,0,1
1694,4,5,1,0,1
1697,4,4,1,0,1
1699,4,3,0,0,2
1701,4,0,0,0,2
1703,4,6,1,1,1
1706,4,2,1,0,1
1708,4,5,1,0,2
1711,4,3,1,1,4
1714,4,5,0,0,3
1716,4,3,1,0,4
1719,4,5,0,1,0
1722,4,6,0,0,0
1724,4,6,0,1,0
1727,4,4,1,1,0
1729,4,0,1,1,3
1732,4,0,1,1,2
1734,4,4,0,2,1
1737,4,0,1,2,1
1740,4,0,1,1,0
1742,4,6,0,1,3
1745,4,4,0,0,0
1747,4,0,0,1,3
1750,4,1,0,1,3
1753,4,2,1,1,0
1755,4,3,1,0,0
1758,4,0,0,2,1
1760,4,2,1,0,1
1763,4,6,1,0,1
1766,4,6,1,0,1
1768,4,4,1,0,2
1771,4,5,0,0,2
1774,4,6,1,1,4
1776,4,6,1,1,1
1779,4,0,1,1,1
1781,4,6,1,0,0
1783,4,6,0,2,2
1785,4,6,0,0,1
1787,4,6,1,2,3
1789,4,4,1,0,3
1791,4,5,1,0,2