agentId,DAUID,age,sex,car,occ
0,1,6,1,1,3
1,1,6,1,1,3
2,1,6,1,1,3
3,1,6,1,0,3
4,1,6,1,0,1
5,1,6,0,0,1
6,1,6,0,0,2
7,1,6,1,0,2
8,1,6,0,0,2
9,1,6,0,1,2
10,1,6,1,1,2
11,1,6,1,1,2
12,1,5,1,1,2
13,1,5,1,3,2
14,1,5,1,0,2
15,1,5,1,0,2
16,1,5,1,0,3
17,1,5,1,2,3
18,1,5,0,2,3
19,1,5,1,2,3
20,1,6,1,2,3
21,1,6,0,2,3
22,1,6,0,2,3
23,1,6,0,3,3
24,1,6,0,3,3
25,1,4,0,3,3
26,1,4,0,1,3
27,1,4,0,1,3
28,1,4,0,1,3
29,1,4,1,1,3
30,1,4,1,1,3
31,1,0,1,1,3
32,1,0,1,1,3
33,1,0,1,1,3
34,1,0,1,1,3
35,1,0,1,0,3
36,1,3,1,0,3
37,1,3,1,0,3
38,1,3,1,0,3
39,1,3,1,0,2
40,1,3,1,0,1
41,1,0,1,0,1
42,1,0,1,0,2
43,1,0,1,1,2
44,1,0,1,1,3
45,1,0,1,1,3
46,1,0,0,1,3
47,1,0,1,1,3
48,1,0,1,1,3
49,1,0,1,2,3
50,1,6,1,2,3
51,1,6,1,2,3
52,1,6,1,2,1
53,1,6,0,2,1
54,1,6,0,2,1
55,1,6,0,2,1
56,1,3,0,2,1
57,1,3,0,2,1
58,1,3,0,0,1
59,1,3,0,0,1
60,1,3,0,1,1
61,1,3,0,1,1
62,1,5,0,1,1
63,1,5,1,1,1
64,1,5,1,1,1
65,1,5,1,1,1
66,1,5,1,1,2
67,1,5,1,1,0
68,1,5,1,1,0
69,1,5,1,1,0
70,1,3,1,1,0
71,1,3,1,3,0
72,1,5,1,3,0
73,1,3,1,3,0
74,1,3,1,3,0
75,1,3,1,3,0
76,1,3,1,3,0
77,1,3,1,2,0
78,1,3,0,2,0
79,1,3,0,2,0
80,1,3,0,0,0
81,1,3,1,0,0
82,1,4,1,0,0
83,1,4,1,0,0
84,1,4,1,1,0
85,1,4,1,1,0
86,1,4,1,3,0
87,1,5,1,3,0
88,1,3,1,3,0
89,1,3,1,3,3
90,1,3,1,3,3
91,1,3,1,3,2
92,1,3,1,3,2
93,1,3,1,1,2
94,1,3,1,1,2
95,1,3,0,1,2
96,1,4,0,1,2
97,1,4,0,1,2
98,1,4,0,1,2
99,1,4,0,1,3
100,1,4,0,0,3
101,1,2,0,0,3
102,1,2,0,3,3
103,1,2,1,3,3
104,1,2,1,3,3
105,1,2,0,3,3
106,1,2,0,3,3
107,1,2,0,3,2
108,1,2,0,3,2
109,1,2,0,3,2
110,1,2,0,1,2
111,1,2,0,1,0
112,1,2,0,1,0
113,1,2,0,1,2
114,1,2,1,1,2
115,1,2,1,1,2
116,1,3,1,1,2
117,1,3,1,1,2
118,1,3,0,1,2
119,1,3,0,1,2
120,1,3,0,3,2
121,1,3,0,3,2
122,1,2,0,3,2
123,1,4,0,3,2
124,1,0,0,3,2
125,1,4,0,3,2
126,1,4,0,2,2
127,1,6,0,2,2
128,1,6,0,2,2
129,1,6,0,0,2
130,1,6,0,0,2
131,1,6,0,0,2
132,1,2,0,0,2
133,1,2,0,0,3
134,1,2,0,0,3
135,1,0,0,0,3
136,1,0,0,0,3
137,1,0,0,0,2
138,1,0,0,0,0
139,1,0,0,0,0
140,1,0,0,0,1
141,1,0,0,0,1
142,1,0,1,0,1
143,1,3,1,0,1
144,1,3,1,1,1
145,1,3,1,1,1
146,1,3,0,1,1
147,1,1,0,1,1
148,1,1,0,0,1
149,1,1,0,1,1
150,1,1,0,1,3
151,1,0,0,1,3
152,1,0,0,3,3
153,1,0,0,3,3
154,1,0,0,3,0
155,1,0,1,3,0
156,1,6,1,3,0
157,1,6,1,1,0
158,1,6,1,3,0
159,1,6,1,3,0
160,1,6,1,3,1
161,1,6,1,3,3
162,1,6,0,3,3
163,1,6,1,3,3
164,1,6,1,3,3
165,1,6,1,3,1
166,1,6,1,3,1
167,1,6,1,3,1
168,1,6,1,3,1
169,1,6,1,3,1
170,1,6,1,3,1
171,1,6,1,3,1
172,1,6,1,2,1
173,1,6,1,2,2
174,1,6,1,2,2
175,1,6,1,2,2
176,1,6,1,2,2
177,1,6,1,2,0
178,1,6,1,2,3
179,1,6,1,2,3
180,1,5,1,2,3
181,1,5,1,2,3
182,1,5,1,3,3
183,1,5,1,1,3
184,1,0,1,1,3
185,1,0,1,1,3
186,1,0,1,1,3
187,1,0,1,1,3
188,1,6,1,1,3
189,1,6,1,1,2
190,1,0,1,1,2
191,1,0,1,3,2
192,1,0,0,3,2
193,1,0,0,3,3
194,1,0,0,0,3
195,1,0,1,0,3
196,1,5,1,0,3
197,1,5,1,0,3
198,1,5,1,1,3
199,1,5,1,1,3
200,1,5,1,1,3
201,1,5,1,1,1
202,1,5,1,1,1
203,1,5,1,1,3
204,1,5,1,1,2
205,1,5,1,0,2
206,1,5,1,0,3
207,1,5,1,1,3
208,1,5,1,1,3
209,1,5,1,1,3
210,1,5,1,1,3
211,1,5,1,1,0
212,1,5,1,1,1
213,1,4,1,1,1
214,1,4,1,1,1
215,1,4,1,1,1
216,1,4,1,1,0
217,1,4,1,0,0
218,1,4,1,0,0
219,1,4,1,0,3
220,1,4,0,0,3
221,1,4,0,0,2
222,1,4,0,0,2
223,1,4,0,2,2
224,1,2,0,2,2
225,1,1,0,2,2
226,1,3,0,2,2
227,1,3,0,2,3
228,1,5,0,2,3
229,1,1,0,2,3
230,1,3,0,2,3
231,1,5,0,2,3
232,1,4,0,2,3
233,1,4,0,2,3
234,1,4,0,2,2
235,1,4,0,2,2
236,1,4,0,2,1
237,1,4,0,2,1
238,1,4,1,2,1
239,1,2,1,2,1
240,1,2,1,2,1
241,1,2,1,0,1
242,1,2,1,0,1
243,1,5,1,0,1
244,1,5,1,1,1
245,1,6,1,1,1
246,1,6,1,1,0
247,1,0,1,1,0
248,1,0,1,1,0
249,1,0,1,1,0
250,1,4,1,1,0
251,1,4,1,1,1
252,1,4,1,0,1
253,1,4,1,0,3
254,1,4,1,0,2
255,1,4,0,0,2
256,1,4,1,0,2
257,1,3,1,0,2
258,1,3,1,3,2
259,1,3,1,0,2
260,1,3,1,0,2
261,1,3,1,0,3
262,1,3,1,0,3
263,1,3,1,1,3
264,1,3,1,1,3
265,1,3,1,1,1
266,1,3,1,1,1
267,1,3,1,1,1
268,1,3,0,1,1
269,1,3,0,3,1
270,1,0,0,3,1
271,1,0,0,3,1
272,1,0,0,0,1
273,1,2,0,0,1
274,1,2,1,0,1
275,1,4,1,0,1
276,1,6,1,0,1
277,1,6,1,3,1
278,1,6,1,3,1
279,1,6,1,1,1
280,1,6,1,1,1
281,1,4,1,1,1
282,1,4,1,2,1
283,1,4,1,2,2
284,1,6,1,2,2
285,1,6,1,2,2
286,1,6,1,1,2
287,1,6,1,1,2
288,1,6,1,1,2
289,1,6,1,1,2
290,1,6,0,1,2
291,1,4,0,1,2
292,1,4,0,1,2
293,1,4,0,1,2
294,1,4,0,2,2
295,1,4,0,0,2
296,1,4,0,0,2
297,1,4,0,2,2
298,1,4,0,1,2
299,1,4,0,1,1
300,1,4,0,1,1
301,1,3,0,1,1
302,1,3,0,1,2
303,1,3,0,1,0
304,1,3,0,2,0
305,1,3,1,2,0
306,1,4,1,2,0
307,1,4,1,1,0
308,1,4,1,0,0
309,1,4,1,0,1
310,1,4,1,0,1
311,1,4,1,3,1
312,1,4,1,3,1
313,1,4,1,3,2
314,1,4,1,3,2
315,1,4,1,3,2
316,1,4,1,1,2
317,1,4,1,3,2
318,1,4,1,0,2
319,1,6,1,0,2
320,1,6,1,0,2
321,1,6,1,0,2
322,1,6,1,0,2
323,1,6,1,0,2
324,1,6,1,0,1
325,1,6,1,0,1
326,1,6,0,0,1
327,1,3,0,0,1
328,1,0,0,0,1
329,1,0,0,0,3
330,1,0,0,0,3
331,1,0,0,0,3
332,1,0,0,2,3
333,1,0,0,2,3
334,1,0,1,2,3
335,1,0,0,2,3
336,1,0,0,2,3
337,1,3,0,2,3
338,1,3,1,2,3
339,1,3,1,2,3
340,1,3,1,2,2
341,1,6,1,2,2
342,1,6,1,2,2
343,1,0,1,2,2
344,1,0,1,2,0
345,1,0,1,1,0
346,1,6,1,1,0
347,1,6,1,1,0
348,1,6,1,1,0
349,1,0,1,1,0
350,1,0,1,1,1
351,1,3,1,1,1
352,1,3,1,1,1
353,1,3,1,0,1
354,1,3,0,0,1
355,1,3,0,1,1
356,1,3,0,0,1
357,1,4,0,0,1
358,1,4,0,0,1
359,1,4,0,2,1
360,1,4,0,2,3
361,1,4,0,3,3
362,1,2,0,3,3
363,1,2,0,3,0
364,1,2,0,0,0
365,1,2,0,0,0
366,1,2,0,0,0
367,1,6,0,0,0
368,1,6,1,0,0
369,1,6,1,0,0
370,1,6,1,0,0
371,1,6,1,0,0
372,1,0,1,0,0
373,1,0,1,2,0
374,1,0,1,2,0
375,1,0,1,2,0
376,1,0,1,2,0
377,1,0,1,0,0
378,1,0,0,0,0
379,1,0,1,0,0
380,1,0,1,0,2
381,1,0,1,0,2
382,1,0,1,0,1
383,1,4,1,0,1
384,1,4,1,0,1
385,1,5,1,0,1
386,1,5,1,0,3
387,1,5,1,0,0
388,1,5,1,0,0
389,1,5,1,0,0
390,1,5,1,2,0
391,1,5,1,0,0
392,1,5,1,0,0
393,1,5,1,3,0
394,1,6,1,3,0
395,1,6,1,3,0
396,1,6,1,3,1
397,1,0,1,3,1
398,1,0,1,3,1
399,1,0,1,3,1
400,1,0,1,3,0
401,1,2,1,3,0
402,1,2,1,2,0
403,1,2,1,2,1
404,1,5,1,2,1
405,1,5,1,2,0
406,1,0,1,2,0
407,1,0,1,2,3
408,1,0,1,3,3
409,1,1,1,3,3
410,1,1,1,1,3
411,1,1,1,1,3
412,1,1,1,1,3
413,1,1,1,1,3
414,1,1,1,1,3
415,1,1,1,1,3
416,1,1,1,1,3
417,1,6,1,1,3
418,1,4,1,1,3
419,1,4,1,0,3
420,1,4,1,0,1
421,1,4,1,0,1
422,1,4,1,0,3
423,1,2,1,0,3
424,1,2,1,2,3
425,1,2,1,2,3
426,1,2,1,0,3
427,1,2,1,0,3
428,1,2,1,0,1
429,1,2,1,0,1
430,1,3,1,0,1
431,1,3,1,0,2
432,1,3,0,0,2
433,1,3,0,2,2
434,1,3,0,2,3
435,1,3,0,2,2
436,1,3,0,2,2
437,1,3,1,2,2
438,1,3,1,3,2
439,1,3,1,3,0
440,1,3,1,0,0
441,1,3,1,0,3
442,1,2,1,0,3
443,1,2,0,0,3
444,1,2,0,0,3
445,1,2,0,0,2
446,1,5,0,0,2
447,1,6,0,0,2
448,1,6,0,0,2
449,1,2,0,0,2
450,1,2,0,0,2
451,1,2,0,0,2
452,1,2,0,0,2
453,1,2,0,3,2
454,1,2,0,2,2
455,1,1,0,2,2
456,1,1,0,1,2
457,1,1,1,1,2
458,1,1,1,0,2
459,1,5,1,0,2
460,1,5,1,0,1
461,1,3,1,0,1
462,1,3,1,0,3
463,1,3,1,0,2
464,1,3,1,1,2
465,1,3,1,2,2
466,1,3,1,2,2
467,1,3,1,2,1
468,1,3,1,2,1
469,1,3,1,2,1
470,1,3,1,2,1
471,1,3,0,2,1
472,1,3,0,2,2
473,1,3,0,0,2
474,1,4,0,0,2
475,1,4,0,0,2
476,1,4,0,0,2
477,1,3,0,0,2
478,1,3,0,0,0
479,1,0,0,0,0
480,1,0,0,1,0
481,1,0,0,1,0
482,1,0,0,1,0
483,1,0,0,2,0
484,1,0,1,2,0
485,1,3,1,2,0
486,1,3,1,0,0
487,1,3,1,2,0
488,1,3,1,0,0
489,1,0,1,0,0
490,1,0,1,0,0
491,1,0,1,3,0
492,1,0,1,3,0
493,1,3,1,3,0
494,1,3,1,3,3
495,1,3,1,1,3
496,1,0,1,1,3
497,1,0,1,2,3
498,1,0,1,2,0
499,1,0,0,2,0
500,1,0,0,2,0
501,1,0,1,2,0
502,1,0,1,2,3
503,1,2,1,2,3
504,1,2,1,1,3
505,1,2,1,2,3
506,1,2,1,2,0
507,1,2,1,3,0
508,1,2,1,3,0
509,1,2,0,3,0
510,1,2,0,3,3
511,1,2,1,3,3
512,1,6,1,3,3
513,1,0,1,3,3
514,1,4,1,3,3
515,1,4,1,3,2
516,1,6,1,3,2
517,1,6,0,3,2
518,1,6,0,3,2
519,1,6,0,3,0
520,1,6,1,3,0
521,1,6,1,3,1
522,1,3,1,3,1
523,1,3,1,2,1
524,1,3,1,3,1
525,1,3,1,2,1
526,1,3,1,2,1
527,1,2,1,2,1
528,1,2,0,2,1
529,1,2,1,2,1
530,1,2,1,1,1
531,1,3,1,1,1
532,1,4,1,1,1
533,1,4,1,1,1
534,1,4,0,1,1
535,1,4,0,1,3
536,1,4,0,1,2
537,1,4,1,1,2
538,1,4,1,1,2
539,1,4,1,1,0
540,1,4,1,1,0
541,1,4,1,1,0
542,1,4,1,1,0
543,1,4,1,1,0
544,1,4,1,1,0
545,1,4,1,1,0
546,1,4,1,1,0
547,1,4,1,1,0
548,1,4,0,1,0
549,1,4,1,1,0
550,1,4,1,1,2
551,1,4,1,3,2
552,1,4,1,3,2
553,1,4,1,3,2
554,1,0,1,3,2
555,1,0,1,0,2
556,1,0,1,0,2
557,1,0,1,0,2
558,1,1,1,0,2
559,1,1,0,0,2
560,1,1,1,0,2
561,1,1,0,0,2
562,1,1,0,0,2
563,1,1,0,0,0
564,1,3,0,0,0
565,1,4,0,0,0
566,1,4,0,0,0
567,1,4,0,1,0
568,1,4,0,2,0
569,1,4,1,2,0
570,1,6,1,2,0
571,1,6,1,2,0
572,1,6,0,2,0
573,1,4,0,2,0
574,1,4,0,2,0
575,1,4,1,2,0
576,1,4,1,1,0
577,1,2,1,1,0
578,1,2,1,2,0
579,1,2,1,2,1
580,1,2,1,2,3
581,1,2,1,2,3
582,1,2,1,2,3
583,1,2,1,2,0
584,1,0,1,2,0
585,1,0,1,2,2
586,1,0,0,2,2
587,1,2,0,2,2
588,1,2,0,2,0
589,1,4,0,2,0
590,1,4,0,2,3
591,1,4,0,2,2
592,1,5,0,2,2
593,1,5,0,1,2
594,1,5,0,1,2
595,1,5,0,1,0
596,1,5,0,2,0
597,1,5,0,0,0
598,1,5,0,1,0
599,1,5,0,1,0
600,1,5,0,1,0
601,1,4,0,1,0
602,1,4,1,1,0
603,1,4,1,1,0
604,1,4,1,0,0
605,1,4,0,0,0
606,1,4,0,0,0
607,1,4,0,0,2
608,1,4,0,0,3
609,1,4,0,1,3
610,1,4,0,1,3
611,1,3,0,1,3
612,1,3,0,1,3
613,1,3,0,2,3
614,1,3,0,2,1
615,1,3,0,2,1
616,1,4,0,2,1
617,1,4,0,2,1
618,1,4,0,2,1
619,1,4,0,2,2
620,1,3,0,2,2
621,1,3,0,2,2
622,2,6,1,0,1
623,2,6,1,0,2
624,2,6,0,0,2
625,2,6,1,0,2
626,2,1,1,0,2
627,2,1,1,3,2
628,2,1,1,3,3
629,2,6,1,3,3
630,2,6,1,3,3
631,2,6,1,2,3
632,2,6,1,3,3
633,2,6,0,3,3
634,2,3,0,3,3
635,2,3,0,3,2
636,2,3,0,1,2
637,2,3,1,1,2
638,2,3,1,1,2
639,2,6,1,1,2
640,2,6,1,1,2
641,2,6,0,1,2
642,2,6,0,1,2
643,2,2,0,1,2
644,2,2,0,1,0
645,2,2,0,1,0
646,2,2,1,1,0
647,2,2,1,0,0
648,2,2,1,0,0
649,2,2,1,0,2
650,2,2,1,0,1
651,2,2,1,0,1
652,2,2,1,0,1
653,2,2,1,1,1
654,2,6,1,1,1
655,2,0,1,1,1
656,2,6,1,1,1
657,2,5,1,1,1
658,2,6,1,1,1
659,2,6,1,1,1
660,2,1,1,1,1
661,2,6,1,1,1
662,2,6,1,1,0
663,2,4,1,1,0
664,2,4,1,1,0
665,2,6,1,1,0
666,2,6,1,1,0
667,2,6,1,3,0
668,2,6,1,0,0
669,2,6,1,1,0
670,2,6,1,2,0
671,2,6,1,2,0
672,2,4,1,2,0
673,2,4,1,2,0
674,2,4,1,2,0
675,2,1,1,2,0
676,2,1,1,3,0
677,2,6,1,3,0
678,2,6,1,3,2
679,2,6,1,3,0
680,2,6,1,3,0
681,2,6,1,3,2
682,2,6,1,2,2
683,2,4,1,2,2
684,2,4,1,1,2
685,2,4,1,1,0
686,2,4,1,1,0
687,2,4,1,1,2
688,2,6,1,1,2
689,2,6,1,2,2
690,2,6,1,2,2
691,2,6,1,1,2
692,2,6,1,1,0
693,2,2,1,1,0
694,2,2,1,0,0
695,2,2,1,0,1
696,2,2,1,0,1
697,2,2,1,0,1
698,2,2,1,0,1
699,2,2,1,0,2
700,2,2,1,0,2
701,2,2,1,1,2
702,2,2,1,1,2
703,2,2,1,1,2
704,2,2,0,1,2
705,2,4,0,1,2
706,2,4,0,1,2
707,2,4,0,1,2
708,2,4,0,1,2
709,2,4,1,1,2
710,2,4,1,1,0
711,2,4,1,1,0
712,2,4,1,1,0
713,2,4,1,1,0
714,2,3,1,1,0
715,2,3,1,3,0
716,2,3,1,3,0
717,2,4,1,3,0
718,2,6,1,3,0
719,2,6,0,3,0
720,2,6,1,3,0
721,2,6,1,3,0
722,2,6,1,3,3
723,2,6,1,3,0
724,2,6,0,3,0
725,2,6,0,3,2
726,2,6,0,3,2
727,2,6,0,3,2
728,2,6,0,3,2
729,2,6,0,3,2
730,2,6,1,3,2
731,2,6,1,3,2
732,2,6,0,3,2
733,2,6,0,3,2
734,2,5,0,3,2
735,2,5,0,3,2
736,2,5,0,3,3
737,2,5,0,2,3
738,2,5,0,2,0
739,2,5,0,0,0
740,2,5,0,0,3
741,2,5,0,3,3
742,2,5,0,3,3
743,2,5,0,3,2
744,2,5,0,3,0
745,2,5,0,3,1
746,2,5,0,0,1
747,2,5,0,3,1
748,2,5,0,3,1
749,2,2,0,3,1
750,2,2,0,3,1
751,2,2,0,3,3
752,2,2,0,3,0
753,2,2,0,2,0
754,2,2,0,1,0
755,2,2,1,1,0
756,2,2,1,1,3
757,2,2,0,1,3
758,2,2,0,2,3
759,2,0,0,2,3
760,2,0,0,1,3
761,2,0,1,1,3
762,2,0,1,1,3
763,2,1,1,1,3
764,2,1,1,1,3
765,2,1,1,1,3
766,2,1,1,1,1
767,2,6,1,1,1
768,2,6,1,1,2
769,2,6,0,1,2
770,2,6,0,1,2
771,2,3,0,1,2
772,2,4,0,1,2
773,2,4,0,1,2
774,2,4,0,0,2
775,2,4,0,0,3
776,2,4,1,0,3
777,2,4,1,0,3
778,2,4,1,0,3
779,2,6,1,0,3
780,2,2,1,0,3
781,2,2,0,0,3
782,2,2,0,0,1
783,2,4,0,0,1
784,2,4,1,0,1
785,2,4,1,0,1
786,2,4,1,0,1
787,2,4,1,1,1
788,2,2,1,1,1
789,2,6,1,1,1
790,2,6,1,3,1
791,2,6,1,3,1
792,2,6,1,3,1
793,2,3,1,3,1
794,2,3,1,1,1
795,2,3,1,1,3
796,2,3,1,0,3
797,2,3,0,0,3
798,2,3,0,2,3
799,2,3,0,1,3
800,2,3,0,2,3
801,2,3,0,2,3
802,2,3,0,1,3
803,2,3,0,1,2
804,2,3,0,1,3
805,2,3,0,1,2
806,2,3,0,1,2
807,2,3,1,1,2
808,2,3,1,1,2
809,2,3,1,1,2
810,2,3,1,1,2
811,2,3,0,1,2
812,2,3,0,1,2
813,2,3,1,1,2
814,2,3,1,1,2
815,2,3,1,1,1
816,2,3,0,1,1
817,2,3,0,1,1
818,2,3,0,1,1
819,2,3,0,1,1
820,2,3,1,1,1
821,2,3,0,1,1
822,2,3,0,1,1
823,2,3,0,0,1
824,2,3,1,0,1
825,2,6,1,0,1
826,2,6,1,0,1
827,2,0,1,0,1
828,2,0,1,0,1
829,2,0,1,0,1
830,2,0,0,0,1
831,2,0,0,0,1
832,2,0,1,0,1
833,2,1,1,0,1
834,2,1,1,0,0
835,2,1,1,3,0
836,2,4,1,3,0
837,2,4,1,1,0
838,2,4,1,0,0
839,2,4,0,0,0
840,2,4,0,0,0
841,2,4,0,0,3
842,2,4,0,3,3
843,2,1,0,3,3
844,2,1,0,3,1
845,2,1,0,1,1
846,2,1,0,3,1
847,2,1,0,3,2
848,2,1,0,3,2
849,2,0,0,3,2
850,2,6,0,3,2
851,2,6,0,3,2
852,2,1,0,3,2
853,2,1,0,3,2
854,2,1,0,3,1
855,2,1,0,3,1
856,2,1,0,3,1
857,2,1,0,2,1
858,2,1,0,2,1
859,2,1,1,2,1
860,2,1,1,2,1
861,2,1,1,2,2
862,2,1,1,1,2
863,2,1,1,1,2
864,2,1,1,1,2
865,2,1,1,1,0
866,2,1,1,1,0
867,2,1,0,1,0
868,2,1,0,1,0
869,2,1,0,3,0
870,2,1,0,3,0
871,2,1,1,3,0
872,2,1,0,3,0
873,2,1,0,3,2
874,2,1,0,3,0
875,2,1,0,3,0
876,2,1,0,3,2
877,2,1,0,3,2
878,2,1,0,3,2
879,2,4,0,3,2
880,2,4,1,3,2
881,2,4,1,0,2
882,2,4,1,0,2
883,2,4,0,0,2
884,2,4,1,0,2
885,2,4,1,0,3
886,2,4,1,0,3
887,2,2,1,0,3
888,2,2,1,0,1
889,2,6,1,0,1
890,2,6,1,0,0
891,2,2,1,0,0
892,2,2,1,0,0
893,2,2,1,0,0
894,2,2,1,0,0
895,2,2,1,1,0
896,2,2,1,1,0
897,2,2,1,1,1
898,2,2,1,1,1
899,2,4,1,1,1
900,2,4,1,1,1
901,2,2,1,1,1
902,2,2,1,1,0
903,2,2,1,1,1
904,2,3,1,1,1
905,2,3,1,1,2
906,2,3,1,1,2
907,2,3,1,3,2
908,2,3,1,3,2
909,2,3,1,3,2
910,2,3,1,3,2
911,2,4,1,3,2
912,2,4,1,3,3
913,2,4,1,3,1
914,2,4,1,3,1
915,2,4,1,3,1
916,2,4,1,1,1
917,2,6,1,1,1
918,2,6,1,3,1
919,2,6,1,3,1
920,2,6,1,3,1
921,2,1,1,3,1
922,2,1,1,2,1
923,2,6,1,2,1
924,2,6,1,2,3
925,2,5,1,2,3
926,2,5,1,0,3
927,2,3,1,0,3
928,2,0,1,0,3
929,2,0,1,0,2
930,2,6,1,0,2
931,2,5,1,0,2
932,2,5,1,0,2
933,2,5,1,0,0
934,2,5,1,0,0
935,2,5,1,0,0
936,2,5,1,0,0
937,2,5,1,0,0
938,2,5,1,3,0
939,2,3,1,3,0
940,2,3,1,3,0
941,2,3,1,0,0
942,2,3,1,3,0
943,2,3,1,3,2
944,2,3,1,3,2
945,2,2,1,3,2
946,2,2,1,1,2
947,2,2,1,1,0
948,2,2,1,1,0
949,2,2,1,1,0
950,2,2,0,1,0
951,2,0,0,1,0
952,2,0,0,1,1
953,2,0,0,1,1
954,2,2,0,1,1
955,2,4,0,1,1
956,2,4,0,3,1
957,2,4,0,3,2
958,2,4,0,0,2
959,2,4,0,0,2
960,2,4,0,3,2
961,2,4,1,3,2
962,2,4,1,3,2
963,2,4,1,3,0
964,2,1,1,3,0
965,2,5,1,3,0
966,2,5,1,3,1
967,2,5,1,3,1
968,2,0,1,3,1
969,2,0,1,1,1
970,2,0,1,1,3
971,2,0,1,1,3
972,2,0,1,2,3
973,2,0,1,2,3
974,2,6,1,2,3
975,2,0,1,2,3
976,2,0,1,2,3
977,2,2,1,2,3
978,2,2,1,2,3
979,2,2,1,0,3
980,2,2,1,1,3
981,2,2,1,1,3
982,2,2,1,2,3
983,2,2,1,3,3
984,2,2,0,3,3
985,2,1,0,3,3
986,2,1,1,3,3
987,2,1,1,3,0
988,2,1,1,3,0
989,2,1,1,3,3
990,2,1,1,3,0
991,2,1,0,3,0
992,2,1,0,1,0
993,2,1,0,1,0
994,2,1,1,1,0
995,2,1,1,1,0
996,2,1,1,3,0
997,2,1,1,3,0
998,2,1,1,3,0
999,2,1,1,0,0
1000,2,1,1,0,0
1001,2,6,1,0,0
1002,2,6,1,0,2
1003,2,6,1,0,0
1004,2,6,1,0,0
1005,2,3,1,0,0
1006,2,3,1,1,0
1007,2,3,1,1,0
1008,2,3,1,3,0
1009,2,3,1,3,2
1010,2,3,1,0,2
1011,2,3,1,1,2
1012,2,3,1,1,2
1013,2,3,1,1,2
1014,2,6,1,1,2
1015,2,2,1,1,2
1016,2,2,1,1,2
1017,2,2,1,1,2
1018,2,2,1,1,2
1019,2,2,1,3,2
1020,2,6,1,3,2
1021,2,6,1,1,2
1022,2,3,1,1,2
1023,2,3,1,1,2
1024,2,3,1,3,2
1025,2,3,1,3,2
1026,2,3,1,1,2
1027,2,3,1,0,2
1028,3,6,1,1,0
1029,3,6,1,1,0
1030,3,6,1,1,1
1031,3,2,1,1,1
1032,3,2,1,0,1
1033,3,2,1,3,1
1034,3,2,1,1,1
1035,3,2,0,1,1
1036,3,2,0,1,0
1037,3,2,1,1,0
1038,3,5,1,1,0
1039,3,5,0,1,0
1040,3,5,0,1,0
1041,3,5,1,1,0
1042,3,5,0,1,0
1043,3,5,0,1,0
1044,3,5,0,1,0
1045,3,5,0,1,0
1046,3,3,0,1,0
1047,3,3,0,1,0
1048,3,3,0,0,0
1049,3,3,0,0,3
1050,3,3,0,2,3
1051,3,0,0,2,3
1052,3,0,0,2,0
1053,3,0,0,2,0
1054,3,0,0,2,3
1055,3,0,0,2,1
1056,3,0,0,1,1
1057,3,0,0,1,1
1058,3,0,0,1,1
1059,3,0,0,1,1
1060,3,0,1,1,1
1061,3,0,1,1,3
1062,3,5,1,1,3
1063,3,5,1,1,1
1064,3,5,1,2,1
1065,3,5,1,2,1
1066,3,5,1,2,1
1067,3,5,1,2,2
1068,3,5,1,2,2
1069,3,5,1,0,2
1070,3,5,1,0,1
1071,3,5,0,0,1
1072,3,5,0,0,1
1073,3,5,0,0,1
1074,3,6,0,0,1
1075,3,6,0,0,3
1076,3,6,0,0,3
1077,3,6,0,0,3
1078,3,6,0,0,2
1079,3,2,0,0,2
1080,3,2,0,1,2
1081,3,2,1,1,2
1082,3,2,1,3,2
1083,3,2,1,2,2
1084,3,2,0,2,2
1085,3,4,0,2,2
1086,3,4,1,2,2
1087,3,4,1,0,2
1088,3,4,0,0,2
1089,3,4,0,0,0
1090,3,4,0,0,3
1091,3,2,0,0,3
1092,3,2,0,0,3
1093,3,2,0,0,1
1094,3,3,0,0,1
1095,3,3,0,1,1
1096,3,3,0,2,1
1097,3,0,0,2,1
1098,3,0,0,2,1
1099,3,0,1,2,1
1100,3,0,1,0,1
1101,3,0,0,0,1
1102,3,5,0,0,1
1103,3,5,0,0,1
1104,3,4,0,0,1
1105,3,4,0,0,1
1106,3,5,0,0,1
1107,3,5,0,0,3
1108,3,5,0,0,3
1109,3,5,0,0,1
1110,3,5,0,0,1
1111,3,5,0,0,2
1112,3,5,0,0,2
1113,3,5,0,0,1
1114,3,5,0,0,3
1115,3,5,0,1,3
1116,3,5,0,3,3
1117,3,5,0,3,3
1118,3,5,0,3,3
1119,3,5,0,3,3
1120,3,5,0,3,3
1121,3,5,1,3,3
1122,3,5,1,3,3
1123,3,5,1,0,3
1124,3,5,1,0,3
1125,3,5,1,0,3
1126,3,5,1,1,3
1127,3,0,1,1,3
1128,3,0,0,1,3
1129,3,5,0,1,3
1130,3,5,0,1,3
1131,3,5,0,0,3
1132,3,5,0,2,3
1133,3,5,0,2,2
1134,3,5,0,1,2
1135,3,5,0,3,2
1136,3,5,0,0,2
1137,3,4,0,0,2
1138,3,5,0,0,2
1139,3,2,0,0,2
1140,3,2,0,3,2
1141,3,2,0,3,2
1142,3,6,0,3,2
1143,3,5,0,3,2
1144,3,5,0,3,0
1145,3,5,1,3,0
1146,3,5,1,3,0
1147,3,5,1,3,3
1148,3,5,1,3,3
1149,3,5,0,3,3
1150,3,6,0,3,3
1151,3,6,0,3,1
1152,3,6,0,3,3
1153,3,6,1,3,3
1154,3,2,1,3,3
1155,3,2,1,3,3
1156,3,2,0,3,3
1157,3,2,0,3,3
1158,3,4,0,3,3
1159,3,4,0,2,3
1160,3,6,0,2,3
1161,3,6,0,2,2
1162,3,6,0,2,2
1163,3,6,1,2,2
1164,3,6,1,2,2
1165,3,6,1,2,2
1166,3,6,1,2,2
1167,3,2,1,2,2
1168,3,2,1,1,2
1169,3,2,1,1,3
1170,3,0,1,1,3
1171,3,0,0,1,3
1172,3,0,0,2,3
1173,3,0,0,2,1
1174,3,0,1,2,1
1175,3,0,0,2,1
1176,3,0,0,2,1
1177,3,0,0,2,1
1178,3,2,0,2,1
1179,3,2,0,3,1
1180,3,2,0,3,2
1181,3,6,0,3,2
1182,3,6,0,1,2
1183,3,2,0,1,2
1184,3,4,0,1,2
1185,3,4,0,1,2
1186,3,4,0,1,3
1187,3,4,0,2,3
1188,3,4,0,0,3
1189,3,4,0,1,3
1190,3,4,0,1,3
1191,3,4,0,1,3
1192,3,6,0,1,3
1193,3,6,0,1,2
1194,3,6,0,1,1
1195,3,5,0,1,1
1196,3,5,0,1,2
1197,3,5,0,3,2
1198,3,5,0,3,2
1199,3,5,0,3,2
1200,3,5,0,0,2
1201,3,6,0,0,2
1202,3,6,0,0,3
1203,3,6,0,2,3
1204,3,5,0,2,3
1205,3,5,0,2,1
1206,3,4,0,2,1
1207,3,4,0,3,1
1208,3,3,0,3,1
1209,3,2,0,3,1
1210,3,2,0,3,1
1211,3,2,0,3,1
1212,3,2,0,3,1
1213,3,2,0,3,3
1214,3,2,0,3,1
1215,3,2,0,3,1
1216,3,2,1,3,1
1217,3,2,0,3,1
1218,3,2,0,3,1
1219,3,2,0,3,3
1220,3,3,0,3,3
1221,3,5,0,3,3
1222,3,5,0,3,1
1223,3,4,0,3,1
1224,3,4,0,3,1
1225,3,5,0,3,1
1226,3,5,0,3,1
1227,3,5,1,3,1
1228,3,5,0,3,1
1229,3,5,0,3,2
1230,3,5,0,3,2
1231,3,5,0,3,2
1232,3,5,0,3,2
1233,3,5,0,3,2
1234,3,5,0,3,2
1235,3,0,0,3,2
1236,3,0,0,3,1
1237,3,0,0,2,1
1238,3,0,0,2,2
1239,3,0,0,1,2
1240,3,0,0,1,2
1241,3,5,0,1,2
1242,3,5,0,1,1
1243,3,4,0,1,1
1244,3,4,0,1,1
1245,3,4,0,2,1
1246,3,3,0,2,1
1247,3,3,0,3,1
1248,3,3,0,3,1
1249,3,3,0,3,2
1250,3,3,0,3,2
1251,3,3,1,3,2
1252,3,3,1,3,1
1253,3,4,1,3,1
1254,3,3,1,3,1
1255,3,2,1,3,1
1256,3,2,1,3,3
1257,3,2,1,3,3
1258,3,6,1,3,3
1259,3,6,1,3,3
1260,3,4,1,3,3
1261,3,4,1,3,1
1262,3,6,1,3,1
1263,3,6,1,3,1
1264,3,6,1,3,1
1265,3,0,1,3,1
1266,3,0,1,3,3
1267,3,0,1,3,3
1268,3,0,1,3,3
1269,3,0,1,3,1
1270,3,0,1,3,3
1271,3,6,1,3,3
1272,3,6,1,0,3
1273,3,6,1,0,3
1274,3,6,0,0,3
1275,3,6,0,0,0
1276,3,4,0,0,0
1277,3,4,0,0,2
1278,3,4,0,0,3
1279,3,4,0,0,3
1280,3,3,0,0,3
1281,3,3,0,0,2
1282,3,4,0,0,2
1283,3,4,0,0,2
1284,3,2,0,0,2
1285,3,2,0,3,2
1286,3,2,1,3,2
1287,3,2,1,3,1
1288,3,2,0,3,1
1289,3,2,0,3,1
1290,3,2,0,3,1
1291,3,6,0,3,1
1292,3,5,0,3,1
1293,3,5,0,2,1
1294,3,4,0,2,1
1295,3,4,0,2,1
1296,3,4,0,3,1
1297,3,4,0,3,3
1298,3,1,0,3,3
1299,3,1,0,3,3
1300,3,1,0,3,0
1301,3,3,0,3,0
1302,3,3,0,0,0
1303,3,4,0,0,0
1304,3,4,0,0,0
1305,3,4,0,0,3
1306,3,3,0,0,3
1307,3,3,0,0,3
1308,3,3,0,0,3
1309,3,0,0,0,3
1310,3,0,0,0,3
1311,3,0,0,0,2
1312,3,5,0,0,2
1313,3,5,0,0,2
1314,3,6,0,0,2
1315,3,6,0,0,2
1316,3,6,0,3,2
1317,3,6,0,2,2
1318,3,6,0,2,1
1319,3,6,0,2,1
1320,3,6,0,2,0
1321,3,6,0,2,0
1322,3,6,1,2,0
1323,3,6,1,2,2
1324,3,4,1,2,2
1325,3,4,1,2,3
1326,3,4,1,2,2
1327,3,4,1,2,1
1328,3,4,1,2,3
1329,3,4,1,2,3
1330,3,4,1,2,3
1331,3,4,0,2,3
1332,3,4,0,3,3
1333,3,2,0,3,3
1334,3,2,0,3,3
1335,3,2,0,3,3
1336,3,2,0,3,2
1337,3,0,0,3,2
1338,3,0,0,1,2
1339,3,0,0,1,0
1340,3,0,0,1,0
1341,3,0,0,1,0
1342,3,0,0,0,0
1343,3,0,0,0,3
1344,3,0,0,0,0
1345,3,0,0,0,2
1346,3,5,0,0,2
1347,3,5,0,0,2
1348,3,6,0,0,2
1349,3,6,0,0,2
1350,3,6,0,0,2
1351,3,6,0,0,2
1352,3,6,0,0,2
1353,3,6,0,0,2
1354,3,6,0,0,2
1355,3,6,0,0,2
1356,3,6,0,0,0
1357,3,6,0,3,0
1358,3,6,1,3,0
1359,3,6,1,3,0
1360,3,6,1,3,2
1361,3,6,1,1,2
1362,3,6,0,1,2
1363,3,6,0,1,3
1364,3,6,0,1,3
1365,3,6,0,1,0
1366,3,6,0,1,0
1367,3,0,0,1,0
1368,3,0,1,1,0
1369,3,0,1,1,0
1370,3,5,1,1,0
1371,3,5,1,1,1
1372,3,5,1,1,2
1373,3,5,1,3,2
1374,3,5,1,3,3
1375,3,5,1,3,1
1376,3,5,1,2,1
1377,3,5,0,2,1
1378,3,3,0,2,1
1379,3,3,0,2,1
1380,3,3,0,0,1
1381,3,4,0,0,1
1382,3,4,0,0,1
1383,3,4,0,0,3
1384,3,4,0,0,3
1385,3,3,0,0,3
1386,3,3,0,3,3
1387,3,3,0,2,3
1388,3,3,0,2,3
1389,3,3,0,2,3
1390,3,3,0,1,3
1391,3,6,0,1,3
1392,3,6,1,1,3
1393,3,6,1,1,1
1394,3,6,1,0,1
1395,3,6,0,0,1
1396,3,6,0,3,1
1397,3,6,0,3,1
1398,3,4,0,3,1
1399,3,4,0,0,1
1400,3,4,0,0,1
1401,3,4,0,0,1
1402,3,4,0,0,0
1403,3,4,0,0,0
1404,3,4,0,0,0
1405,3,4,0,0,0
1406,3,4,0,0,3
1407,3,4,0,0,3
1408,3,4,0,0,3
1409,3,4,0,0,3
1410,3,4,0,0,3
1411,3,4,0,0,3
1412,3,4,0,0,3
1413,3,4,0,0,1
1414,3,4,0,0,0
1415,3,4,0,0,0
1416,3,4,0,0,0
1417,3,0,0,0,0
1418,3,0,0,0,2
1419,3,0,0,0,3
1420,3,0,0,3,3
1421,3,3,0,3,3
1422,3,3,1,3,3
1423,3,3,1,3,3
1424,3,4,1,3,3
1425,3,4,1,0,3
1426,3,4,1,0,3
1427,3,4,1,0,3
1428,3,2,1,0,3
1429,3,2,1,0,2
1430,3,2,1,0,2
1431,3,2,1,0,2
1432,3,2,1,0,2
1433,3,2,1,0,2
1434,3,5,1,0,2
1435,3,3,1,0,2
1436,3,3,1,3,2
1437,3,3,1,3,2
1438,3,3,1,3,0
1439,3,3,1,1,0
1440,3,3,1,1,0
1441,3,3,1,1,0
1442,3,6,1,1,0
1443,3,6,1,1,0
1444,3,6,1,1,3
1445,3,6,1,3,3
1446,3,6,1,3,1
1447,3,6,1,3,1
1448,3,6,1,3,1
1449,3,6,1,0,1
1450,3,4,1,0,1
1451,3,4,1,0,1
1452,3,4,1,0,2
1453,3,4,1,2,2
1454,3,3,1,2,2
1455,3,3,1,3,2
1456,3,3,1,3,3
1457,3,3,1,3,0
1458,3,3,1,1,0
1459,3,6,1,1,0
1460,3,0,1,1,0
1461,3,0,1,1,0
1462,3,0,1,1,3
1463,3,0,1,1,3
1464,3,0,1,1,2
1465,3,0,1,1,1
1466,3,6,1,1,1
1467,3,6,1,1,1
1468,3,4,1,1,1
1469,3,4,1,1,1
1470,3,4,1,1,1
1471,3,4,1,1,1
1472,3,4,1,1,1
1473,3,4,1,0,1
1474,3,2,1,0,1
1475,3,2,1,0,0
1476,3,2,0,0,0
1477,3,2,0,0,0
1478,3,3,0,0,0
1479,3,3,0,0,0
1480,3,3,1,0,0
1481,3,3,1,0,0
1482,3,0,1,0,0
1483,3,0,1,0,0
1484,3,0,1,0,2
1485,3,0,1,0,0
1486,3,0,1,0,3
1487,3,0,1,0,0
1488,3,0,1,0,2
1489,3,0,1,0,0
1490,3,5,1,0,0
1491,3,5,1,0,0
1492,3,5,1,0,0
1493,3,5,1,0,3
1494,3,5,1,0,3
1495,3,5,0,0,3
1496,3,4,0,0,3
1497,4,6,1,1,1
1498,4,6,1,1,0
1499,4,0,1,1,0
1500,4,0,1,1,0
1501,4,0,1,1,3
1502,4,0,1,2,3
1503,4,0,1,2,3
1504,4,0,1,3,3
1505,4,0,1,2,3
1506,4,0,0,2,3
1507,4,6,0,2,3
1508,4,5,0,2,3
1509,4,2,0,2,3
1510,4,4,0,2,3
1511,4,4,0,2,3
1512,4,4,0,2,3
1513,4,0,0,2,3
1514,4,5,0,2,3
1515,4,5,0,2,3
1516,4,5,0,3,3
1517,4,3,0,3,3
1518,4,3,0,3,2
1519,4,3,0,2,2
1520,4,3,0,3,2
1521,4,4,0,3,2
1522,4,5,0,3,2
1523,4,5,1,3,2
1524,4,5,0,3,2
1525,4,5,0,3,2
1526,4,5,0,3,2
1527,4,5,0,1,2
1528,4,5,0,1,1
1529,4,5,0,1,0
1530,4,5,0,1,0
1531,4,5,0,1,2
1532,4,5,0,1,0
1533,4,5,0,3,0
1534,4,5,0,2,0
1535,4,5,0,2,0
1536,4,0,0,2,0
1537,4,0,0,2,0
1538,4,3,0,2,0
1539,4,5,0,2,0
1540,4,5,0,2,0
1541,4,5,1,2,0
1542,4,5,1,2,0
1543,4,5,1,0,0
1544,4,5,1,0,0
1545,4,5,1,0,3
1546,4,5,1,3,3
1547,4,5,1,3,1
1548,4,5,1,3,1
1549,4,5,1,3,0
1550,4,5,1,3,0
1551,4,5,1,3,0
1552,4,3,1,3,0
1553,4,6,1,3,0
1554,4,4,1,3,0
1555,4,4,0,3,0
1556,4,4,1,3,0
1557,4,4,0,3,0
1558,4,4,0,0,0
1559,4,4,1,0,0
1560,4,4,1,0,0
1561,4,4,1,0,1
1562,4,4,0,0,1
1563,4,4,0,0,2
1564,4,4,0,2,2
1565,4,2,0,2,2
1566,4,2,0,2,2
1567,4,2,0,2,0
1568,4,2,0,2,0
1569,4,2,0,2,3
1570,4,2,0,2,0
1571,4,4,0,2,0
1572,4,4,0,2,0
1573,4,4,0,1,0
1574,4,0,0,1,0
1575,4,0,0,1,0
1576,4,0,0,1,0
1577,4,5,0,1,0
1578,4,5,0,1,2
1579,4,4,0,1,2
1580,4,4,0,1,3
1581,4,4,1,1,3
1582,4,4,1,2,3
1583,4,4,1,2,2
1584,4,4,1,2,2
1585,4,4,1,2,2
1586,4,4,1,2,3
1587,4,4,0,2,3
1588,4,4,0,2,3
1589,4,4,0,1,3
1590,4,4,1,1,3
1591,4,4,1,1,1
1592,4,4,1,1,1
1593,4,4,1,0,1
1594,4,4,1,0,1
1595,4,4,0,0,1
1596,4,5,0,0,1
1597,4,0,0,0,1
1598,4,0,0,0,1
1599,4,0,0,0,3
1600,4,0,0,0,3
1601,4,0,0,0,3
1602,4,6,0,0,3
1603,4,4,0,0,3
1604,4,3,0,0,3
1605,4,3,1,0,3
1606,4,3,1,0,2
1607,4,3,0,0,2
1608,4,3,0,0,2
1609,4,3,0,0,3
1610,4,3,0,0,3
1611,4,3,0,0,3
1612,4,3,0,0,3
1613,4,3,0,0,3
1614,4,3,0,0,0
1615,4,3,0,0,0
1616,4,0,0,0,0
1617,4,0,0,0,3
1618,4,0,0,0,3
1619,4,0,0,0,1
1620,4,0,0,0,3
1621,4,0,0,0,3
1622,4,4,0,0,3
1623,4,4,0,0,3
1624,4,6,0,0,3
1625,4,6,0,0,3
1626,4,3,0,0,3
1627,4,3,0,0,3
1628,4,3,0,0,0
1629,4,6,0,0,0
1630,4,6,0,2,0
1631,4,5,0,2,0
1632,4,5,0,0,0
1633,4,5,0,0,0
1634,4,5,0,3,0
1635,4,5,0,3,3
1636,4,5,0,1,3
1637,4,5,1,1,3
1638,4,5,1,1,3
1639,4,6,1,1,3
1640,4,6,1,1,3
1641,4,6,1,1,3
1642,4,6,0,1,3
1643,4,6,0,1,3
1644,4,6,1,1,3
1645,4,6,1,1,3
1646,4,6,1,3,3
1647,4,6,0,3,3
1648,4,6,0,3,0
1649,4,6,0,3,0
1650,4,3,0,3,0
1651,4,3,0,3,2
1652,4,3,0,3,2
1653,4,0,0,3,2
1654,4,2,0,3,2
1655,4,3,0,3,2
1656,4,3,0,3,2
1657,4,3,0,3,2
1658,4,3,0,3,2
1659,4,3,0,3,0
1660,4,3,0,3,1
1661,4,4,0,3,1
1662,4,4,0,3,1
1663,4,4,0,3,1
1664,4,4,0,3,1
1665,4,4,1,3,1
1666,4,6,1,3,1
1667,4,6,1,3,1
1668,4,6,1,3,1
1669,4,6,1,3,1
1670,4,6,1,3,1
1671,4,6,1,3,1
1672,4,6,1,3,2
1673,4,6,1,3,1
1674,4,6,1,1,1
1675,4,6,1,3,1
1676,4,6,1,3,1
1677,4,6,1,3,1
1678,4,6,1,3,0
1679,4,6,0,3,0
1680,4,6,0,3,0
1681,4,6,0,3,3
1682,4,6,0,3,3
1683,4,6,0,0,3
1684,4,6,0,0,3
1685,4,6,0,0,0
1686,4,6,0,0,2
1687,4,6,0,0,0
1688,4,6,0,0,3
1689,4,6,0,0,1
1690,4,6,1,0,1
1691,4,6,1,0,1
1692,4,3,1,0,1
1693,4,3,1,0,0
1694,4,3,1,0,0
1695,4,3,1,0,0
1696,4,3,1,0,2
1697,4,3,1,0,0
1698,4,3,0,0,0
1699,4,3,0,3,0
1700,4,3,0,2,0
1701,4,3,0,1,0
1702,4,3,0,1,2
1703,4,2,0,1,2
1704,4,2,0,1,1
1705,4,2,0,2,1
1706,4,2,0,1,1
1707,4,2,0,1,1
1708,4,2,0,0,1
1709,4,2,0,0,1
1710,4,2,0,0,1
1711,4,2,0,0,1
1712,4,2,1,0,1
1713,4,2,1,0,1
1714,4,2,0,0,1
1715,4,1,0,0,1
1716,4,5,0,0,1
1717,4,5,0,1,1
1718,4,5,0,3,1
1719,4,5,0,2,1
1720,4,0,0,2,1
1721,4,0,1,2,1
1722,4,0,1,2,0
1723,4,0,0,2,0
1724,4,0,0,2,0
1725,4,0,0,0,0
1726,4,5,0,0,0
1727,4,5,1,0,0
1728,4,3,1,0,0
1729,4,3,1,1,0
1730,4,6,1,1,0
1731,4,0,1,1,0
1732,4,0,1,1,2
1733,4,0,1,3,2
1734,4,6,1,3,2
1735,4,6,1,0,2
1736,4,6,1,0,2
1737,4,6,0,0,2
1738,4,6,0,0,2
1739,4,6,1,0,2
1740,4,6,1,0,2
1741,4,6,1,0,2
1742,4,6,0,0,2
1743,4,6,0,0,2
1744,4,6,0,0,2
1745,4,6,1,0,2
1746,4,6,1,0,2
1747,4,6,1,1,2
1748,4,6,0,1,2
1749,4,6,0,1,1
1750,4,6,1,1,1
1751,4,6,1,1,1
1752,4,6,1,1,1
1753,4,6,1,1,2
1754,4,6,1,1,2
1755,4,6,1,1,2
1756,4,6,1,1,2
1757,4,6,1,1,2
1758,4,6,1,1,3
1759,4,6,1,1,3
1760,4,6,1,1,2
1761,4,6,1,1,2
1762,4,6,1,1,2
1763,4,6,1,2,2
1764,4,6,1,2,3
1765,4,6,1,2,3
1766,4,5,1,2,3
1767,4,0,1,2,3
1768,4,5,1,2,3
1769,4,0,1,2,3
1770,4,0,1,2,3
1771,4,0,1,1,3
1772,4,0,1,1,3
1773,4,6,1,1,3
1774,4,6,1,1,3
1775,4,6,1,1,3
1776,4,6,1,1,3
1777,4,6,1,1,2
1778,4,6,0,1,2
1779,4,5,0,1,2
1780,4,5,0,1,2
1781,4,6,0,1,2
1782,4,6,1,1,2
1783,4,6,1,0,2
1784,4,6,1,1,2
1785,4,6,1,1,2
1786,4,6,1,1,0
1787,4,6,1,1,2
1788,4,6,1,1,2
1789,4,6,1,1,1
1790,4,6,1,1,1
1791,4,6,1,1,1
1792,4,6,1,1,2
1793,4,6,1,1,3
1794,4,2,1,1,3
1795,4,2,1,1,1
1796,4,2,1,2,1
1797,4,2,1,2,0
1798,4,2,1,2,0
1799,4,2,1,2,0
1800,4,2,1,2,1
1801,4,5,1,2,1
1802,4,5,1,2,2
1803,4,5,1,2,1
1804,4,5,1,1,1
1805,4,5,1,1,1
1806,4,5,1,2,1
1807,4,5,1,2,0
1808,4,5,1,2,2
1809,4,5,0,2,2
1810,4,2,0,2,2
1811,4,6,0,2,2
1812,4,6,0,3,2
1813,4,1,0,3,2
1814,4,1,0,3,2
1815,4,1,0,3,2
1816,4,1,1,3,2
1817,4,1,0,3,2
1818,4,1,0,3,0
1819,4,1,1,3,0
1820,4,1,1,3,0
1821,4,1,1,3,0
1822,4,1,1,2,0
1823,4,1,1,3,0
1824,4,1,1,2,0
1825,4,1,1,2,1
1826,4,1,1,0,1
1827,4,1,1,0,3
1828,4,1,1,0,1
1829,4,1,1,0,1
1830,4,1,0,0,1
1831,4,1,0,0,1
1832,4,5,0,0,1
1833,4,5,0,3,1
1834,4,5,0,3,1
1835,4,5,0,3,1
1836,4,5,0,3,2
1837,4,5,0,3,2
1838,4,5,0,2,2
1839,4,5,0,2,0
1840,4,5,0,2,0
1841,4,6,0,2,0
1842,4,6,1,2,0
1843,4,6,1,2,0
1844,4,6,1,2,3
1845,4,6,1,2,2
1846,4,6,1,2,0
1847,4,6,0,2,0
1848,4,6,0,2,2
1849,4,6,0,2,2
1850,4,4,0,2,2
1851,4,4,0,2,2
1852,4,4,0,2,2
1853,4,2,0,2,2
1854,4,5,0,2,2
1855,4,4,0,2,2
1856,4,4,0,2,2
1857,4,4,0,2,2
1858,4,4,0,1,2
1859,4,4,0,1,2
1860,4,4,0,1,2
1861,4,4,0,1,2
1862,4,4,1,1,2
1863,4,4,1,3,2
1864,4,4,1,2,2
1865,4,4,1,0,2
1866,4,4,0,0,2
1867,4,3,0,0,2
1868,4,3,1,0,2
1869,4,3,1,0,2
1870,4,3,1,0,2
1871,4,3,1,0,2
1872,4,3,1,3,2
1873,4,6,1,3,2
1874,4,6,1,3,1
1875,4,6,1,3,1
1876,4,6,1,3,0
1877,4,6,1,3,1
1878,4,6,1,0,1
1879,4,6,1,3,1
1880,4,6,1,0,1
1881,4,6,1,0,2
1882,4,6,1,0,1
1883,4,3,1,0,1
1884,4,3,1,2,1
1885,4,0,1,2,1
1886,4,0,1,2,1
1887,4,6,1,2,1
1888,4,6,1,2,0
1889,4,6,1,3,0
1890,4,6,1,0,0
1891,4,2,1,0,0
1892,4,2,1,0,2
1893,4,2,0,0,2
1894,4,2,0,1,2
1895,4,2,0,3,2
1896,4,2,0,3,2
1897,4,6,0,3,2
1898,4,5,0,3,2
1899,4,5,0,3,3
1900,4,4,0,3,3
1901,4,4,0,3,3
1902,4,4,0,0,3
1903,4,1,0,0,3
1904,4,1,1,0,3
1905,4,5,1,0,3
1906,4,5,1,0,3
1907,4,5,1,2,3
1908,4,5,1,1,3
1909,4,5,1,1,3
1910,4,3,1,1,3
1911,4,3,1,1,2
1912,4,6,1,1,2
1913,4,6,1,0,2
1914,4,6,1,0,2
1915,4,1,1,0,2
1916,4,1,1,0,2
1917,4,1,1,0,2