ID,X,Y,HH_ID,PERS_START,PERS_ID,N_CARS,HH_SIZE,KIDS,SEXE,AGE_GROUP,WEIGHT,OCCUPATION,FIRST_DEPShort,LAST_DEPShort,FIDEL_PT_RANGE,N_ACT,NEST,startWithSto,accessIndicator,endWith,alternative,CHOICE,stoUser,alternative0,alternative1
1,365354,5040148,2300000,1,2301000,2,1,,1,1,9.860581798,0,1,1,0,1,0,0,,1,0,C_0,0,0,0
3,365354,5040148,2300000,1,2302000,2,1,,0,2,11.61358655,0,0,2,0,3,0,0,,1,0,C_0,0,0,0
7,369056.57,5023658.49,4500000,1,4501000,2,2,,0,1,29.43363148,1,1,1,0,3,3,0,,1,27,C_3,0,27,0
11,369056.57,5023658.49,4500000,1,4502000,2,2,,1,0,38.88650774,1,1,0,0,1,3,0,,3,27,C_3,0,27,0
13,369056.57,5023658.49,4500000,1,4503000,2,2,,1,4,30.59420477,0,1,1,0,1,0,0,,1,0,C_0,0,27,27
15,373489,5042175,6200000,1,6201000,1,3,,1,3,20.55572602,0,0,1,0,1,1,0,,2,9,C_1,0,0,27
17,373489,5042175,6200000,1,6202000,1,3,,0,4,21.92031919,0,0,1,0,3,0,0,,1,0,C_0,0,27,9
21,373489,5042175,6200000,1,6203000,1,3,,0,0,33.48157793,1,1,1,0,1,3,0,,6,27,C_3,0,0,9
23,375223.3,5034632.31,8400000,1,8401000,2,3,,1,0,20.59307223,1,1,2,0,2,1,0,,2,9,C_1,0,0,9
26,375223.3,5034632.31,8400000,1,8402000,2,3,,1,4,16.21322642,0,1,2,0,2,0,0,,1,0,C_0,0,9,9
29,375223.3,5034632.31,8400000,1,8403000,2,3,,1,0,20.59307223,1,1,2,0,2,1,0,,2,9,C_1,0,9,0
32,375223.3,5034632.31,8400000,1,8404000,2,3,,1,0,20.59307223,1,2,1,0,1,3,0,,3,27,C_3,0,9,0
34,363141.41,5023280.81,9000000,1,9001000,2,2,,1,0,32.70371101,1,2,2,0,3,0,0,,1,0,C_0,0,0,0
38,363141.41,5023280.81,9000000,1,9002000,2,2,,0,5,20.51465292,0,2,2,0,3,0,0,,1,0,C_0,0,0,0
43,371853.51,5027430.12,9700000,1,9701000,1,0,,1,6,23.27716039,2,2,1,0,1,0,0,,1,0,C_0,0,0,9
45,360022.48,5024805.41,10800000,1,10801000,1,0,,0,2,33.27966162,0,0,0,0,2,0,0,,1,0,C_0,0,0,0
48,365514.74,5026856.63,13300000,1,13301000,1,3,,1,2,26.49597293,1,1,1,0,3,0,0,,1,0,C_0,0,9,0
55,365514.74,5026856.63,13300000,1,13302000,1,3,,1,0,33.46260001,1,1,1,0,1,1,0,,2,9,C_1,0,0,0
57,370104.43,5026924.42,15400000,1,15401000,1,1,,1,6,16.9140027,2,2,0,0,2,0,0,,12,0,C_0,0,9,27
61,370104.43,5026924.42,15400000,1,15402000,1,1,,0,6,16.9140027,2,2,0,0,2,1,0,,12,9,C_1,0,0,27
65,367392.55,5029944.12,16600000,1,16601000,2,1,,1,2,27.51858928,0,0,1,0,3,1,0,,2,9,C_1,0,0,27
70,367392.55,5029944.12,16600000,1,16602000,2,1,,0,2,26.21705365,0,0,1,0,3,0,0,,1,0,C_0,0,9,27
74,361764.62,5025026.76,16800000,1,16801000,2,3,,0,0,24.58428421,1,1,2,0,2,0,0,,1,0,C_0,0,0,0
78,361764.62,5025026.76,16800000,1,16802000,2,3,,0,4,20.23012066,0,1,2,0,2,0,0,,1,0,C_0,0,0,0
82,361764.62,5025026.76,16800000,1,16803000,2,3,,1,4,22.55656517,0,1,1,0,2,0,0,,1,0,C_0,0,0,0
86,361764.62,5025026.76,16800000,1,16804000,2,3,,0,0,24.58428421,1,1,2,0,2,1,0,,2,9,C_1,0,0,0
90,366362.8,5024925.22,17100000,1,17101000,2,3,,0,1,21.14887257,0,0,2,0,3,0,0,,1,0,C_0,0,0,27
102,343546.35,5007855.87,17300000,1,17301000,2,4,,0,3,19.47211641,0,1,2,0,3,0,0,,1,0,C_0,0,9,0
109,343546.35,5007855.87,17300000,1,17302000,2,4,,1,3,21.31610422,0,2,1,0,3,0,0,,1,0,C_0,0,9,0
117,343546.35,5007855.87,17300000,1,17303000,2,4,,0,0,24.44014825,1,2,2,0,3,1,0,,2,9,C_1,0,0,0
121,343546.35,5007855.87,17300000,1,17304000,2,4,,1,0,24.44014825,1,2,1,0,3,1,0,,2,9,C_1,0,0,0
125,369997.76,5023297.8,19500000,1,19501000,2,1,,1,3,61.18840954,0,1,1,0,2,0,0,,1,0,C_0,0,0,0
128,374949.35,5026379.84,19900000,1,19901000,1,1,,1,5,13.62076884,0,0,2,0,3,0,0,,1,0,C_0,0,0,0
133,374949.35,5026379.84,19900000,1,19902000,1,1,,0,5,15.49686436,0,2,0,0,1,0,0,,1,0,C_0,0,0,0
135,367672.47,5009180.16,20000000,1,20001000,2,4,,0,4,23.39187526,-1,1,0,0,3,0,0,,1,0,C_0,0,0,9
140,367672.47,5009180.16,20000000,1,20002000,2,4,,1,3,22.47178583,0,1,1,0,1,0,0,,1,0,C_0,0,0,9
142,367672.47,5009180.16,20000000,1,20004000,2,4,,1,1,27.13907762,-1,2,2,0,0,1,0,,2,9,C_1,0,0,0
143,349150.02,5002778.95,20600000,1,20601000,3,2,,0,2,23.55765775,1,1,2,0,3,0,0,,1,0,C_0,0,0,0
148,349150.02,5002778.95,20600000,1,20602000,3,2,,1,4,15.42908234,0,0,1,0,1,0,0,,1,0,C_0,0,0,0
150,349150.02,5002778.95,20600000,1,20603000,3,2,,0,5,14.85564062,0,2,1,0,1,0,0,,1,0,C_0,0,0,0
152,368146.29,5029656.08,22300000,1,22302000,1,1,,1,5,11.29231977,0,1,1,0,2,3,0,,3,27,C_3,0,9,0
155,363447.73,5023566.19,23200000,1,23201000,3,1,,1,6,19.12966927,2,2,2,0,3,0,0,,12,0,C_0,0,0,0
170,363447.73,5023566.19,23200000,1,23202000,3,1,,0,6,19.12966927,2,2,2,0,1,0,0,,1,0,C_0,0,0,0
172,352580.67,5019375.62,23600000,1,23601000,2,1,,1,4,19.17337284,-1,2,0,0,3,1,0,,2,9,C_1,0,0,9
177,352580.67,5019375.62,23600000,1,23602000,2,1,,0,6,12.53218471,2,2,0,0,3,0,0,,1,0,C_0,0,9,9
182,360841.82,5023296.24,24900000,1,24901000,3,1,,1,4,24.10500723,0,1,2,0,3,0,0,,1,0,C_0,0,27,0
187,360841.82,5023296.24,24900000,1,24902000,3,1,,0,4,21.86047991,0,2,0,0,0,0,0,,1,0,C_0,0,0,27
188,368484.4,5028309.26,26100000,1,26101000,0,0,,0,5,15.75216581,2,2,2,0,3,1,0,,9,9,C_1,0,0,0
194,368079.95,5008766.62,26700000,1,26701000,2,3,,1,1,22.65981238,1,2,2,0,1,0,0,,1,0,C_0,0,0,0
196,368079.95,5008766.62,26700000,1,26702000,2,3,,0,5,14.23447457,0,1,1,0,1,0,0,,1,0,C_0,0,0,0
198,368079.95,5008766.62,26700000,1,26703000,2,3,,1,5,12.38344002,0,2,1,0,2,0,0,,1,0,C_0,0,0,0
202,368079.95,5008766.62,26700000,1,26704000,2,3,,0,0,23.5294841,1,1,0,0,1,3,0,,6,27,C_3,0,0,0
204,367351.09,5025910.46,27700000,1,27701000,1,0,,0,2,22.50007993,0,1,1,0,1,3,0,,3,27,C_3,0,0,27
206,353129.85,5018758.64,28600000,1,28601000,2,1,,1,2,19.97199059,0,1,2,0,3,0,0,,1,0,C_0,0,0,9
216,353129.85,5018758.64,28600000,1,28602000,2,1,,0,2,24.22151212,0,1,2,0,2,0,0,,1,0,C_0,0,9,0
220,366574.91,5023554.3,29500000,1,29501000,2,3,,1,0,24.90449145,1,1,2,0,2,3,0,,2,27,C_3,0,0,0
224,366574.91,5023554.3,29500000,1,29502000,2,3,,0,4,14.46295131,0,1,1,0,3,0,0,,1,0,C_0,0,0,27
229,362463.06,5025857.94,29600000,1,29601000,2,2,,0,5,18.86588098,0,1,2,0,2,0,0,,1,0,C_0,0,0,0
233,362463.06,5025857.94,29600000,1,29602000,2,2,,1,4,19.22776311,0,2,1,0,1,0,0,,1,0,C_0,0,0,0
235,362463.06,5025857.94,29600000,1,29603000,2,2,,1,1,30.66971989,1,1,2,0,2,0,0,,1,0,C_0,0,0,0
238,352374.77,5020608.11,29800000,1,29801000,1,0,,1,6,13.68766417,2,2,0,0,3,0,0,,1,0,C_0,0,9,0
243,358875.9,5023749.35,30300000,1,30301000,1,1,,1,1,28.2540672,1,2,2,0,1,3,0,,3,27,C_3,0,0,27
245,358875.9,5023749.35,30300000,1,30302000,1,1,,0,2,29.19478112,0,0,0,0,1,0,0,,1,0,C_0,0,27,27
247,360244.31,5023958.69,31500000,1,31501000,1,3,,1,4,20.44188719,0,0,1,0,1,3,0,,3,27,C_3,0,0,9
249,360244.31,5023958.69,31500000,1,31502000,1,3,,0,5,16.30130028,0,1,2,0,1,0,0,,1,0,C_0,0,27,9
251,360244.31,5023958.69,31500000,1,31503000,1,3,,1,0,22.27950757,0,2,2,0,2,1,0,,2,9,C_1,0,27,0
254,360244.31,5023958.69,31500000,1,31504000,1,3,,0,1,29.37333174,0,1,0,0,1,1,0,,12,9,C_1,0,27,0
256,351064.34,5020543.97,33600000,1,33601000,1,3,,1,4,22.09746404,0,1,1,0,3,0,0,,1,0,C_0,0,9,9
261,351064.34,5020543.97,33600000,1,33602000,1,3,,0,4,14.82063669,0,1,2,0,3,1,0,,1,9,C_1,0,0,9
270,351064.34,5020543.97,33600000,1,33603000,1,3,,0,0,29.33577905,1,1,2,0,3,1,0,,2,9,C_1,0,0,9
276,351064.34,5020543.97,33600000,1,33604000,1,3,,1,1,23.84193254,1,1,2,0,1,3,0,,2,27,C_3,0,0,9
278,360779.41,5024396.39,34100000,1,34101000,2,1,,1,6,19.84014591,2,2,2,0,3,0,0,,1,0,C_0,0,27,0
286,369037.54,5028289.41,35000000,1,35001000,2,2,,1,3,14.91980623,0,1,1,0,1,3,0,,3,27,C_3,0,27,0
288,369037.54,5028289.41,35000000,1,35002000,2,2,,0,0,15.54126489,1,1,0,0,1,3,0,,3,27,C_3,0,0,27
290,369037.54,5028289.41,35000000,1,35003000,2,2,,0,3,14.77712812,0,1,1,0,1,0,0,,1,0,C_0,0,27,27
292,365890.26,5020201.24,37400000,1,37401000,2,3,,0,3,27.27308151,0,1,0,0,2,0,0,,1,0,C_0,0,0,0
295,365890.26,5020201.24,37400000,1,37402000,2,3,,1,3,22.80949514,0,1,1,0,3,0,0,,1,0,C_0,0,0,0
299,363354.9,5025283.24,38800000,1,38801000,0,0,,1,6,30.32028862,2,2,1,0,1,1,0,,2,9,C_1,0,0,0
301,353387.85,5016280.23,39000000,1,39001000,3,4,,1,4,20.64888678,3,1,0,0,1,0,0,,1,0,C_0,0,27,0
303,353387.85,5016280.23,39000000,1,39002000,3,4,,0,3,21.85919102,0,0,1,0,1,0,0,,1,0,C_0,0,27,0
305,353387.85,5016280.23,39000000,1,39003000,3,4,,0,0,29.77990308,1,1,1,0,1,3,0,,6,27,C_3,0,0,0
307,353387.85,5016280.23,39000000,1,39004000,3,4,,0,0,29.77990308,1,1,1,0,1,3,0,,6,27,C_3,0,0,0
309,360642.09,5021031.63,39200000,1,39201000,2,4,,1,3,21.50832938,0,0,2,0,3,4,0,,12,36,C_4,0,0,36
322,360642.09,5021031.63,39200000,1,39202000,2,4,,0,3,22.09449643,0,1,1,0,2,0,0,,1,0,C_0,0,36,36
325,360642.09,5021031.63,39200000,1,39203000,2,4,,0,0,24.81975283,1,1,0,0,1,4,0,,12,36,C_4,0,0,36
327,360642.09,5021031.63,39200000,1,39204000,2,4,,0,0,24.81975283,1,1,1,0,1,3,0,,6,27,C_3,0,0,36
329,363774.18,5021475.26,39300000,1,39301000,1,0,,0,5,16.73838981,0,1,1,0,1,3,0,,3,27,C_3,0,0,0
331,368209.92,5009230.17,39600000,1,39601000,2,1,,0,5,17.04826605,2,2,0,0,3,0,0,,12,0,C_0,0,0,0
338,368209.92,5009230.17,39600000,1,39602000,2,1,,1,5,14.83132933,2,2,0,0,1,0,0,,1,0,C_0,0,0,0
340,368537.88,5032631.9,41300000,1,41301000,0,1,,1,4,25.31092444,0,2,2,0,3,4,0,,12,36,C_4,0,27,27
345,368537.88,5032631.9,41300000,1,41302000,0,1,,0,1,28.68288792,1,2,2,0,2,3,0,,12,27,C_3,0,36,27
349,350150.23,5019855.07,46600000,1,46601000,1,1,,1,5,40.49660773,0,0,1,0,1,3,0,,3,27,C_3,0,0,0
351,371719.59,5033264.92,53200000,1,53201000,1,1,,1,4,22.40263701,0,2,0,0,1,0,0,,1,0,C_0,0,0,9
353,362797,5035944,53700000,1,53702000,2,1,,0,5,11.56824075,0,1,0,0,0,0,0,,1,0,C_0,0,0,0
354,369853.16,5033892.95,54800000,1,54801000,2,2,,0,3,22.29476881,0,0,2,0,1,0,0,,1,0,C_0,0,36,0
357,349939.03,5019866.2,55700000,1,55701000,2,1,,0,2,25.25506665,0,1,1,0,1,0,0,,1,0,C_0,0,0,27
359,349939.03,5019866.2,55700000,1,55702000,2,1,,1,2,21.84679174,0,0,0,0,1,0,0,,1,0,C_0,0,0,27
361,371197.65,5035148.65,56800000,1,56801000,1,2,,1,3,20.05322084,0,2,1,0,1,3,0,,3,27,C_3,0,0,0
363,371197.65,5035148.65,56800000,1,56802000,1,2,,0,4,22.48948295,1,1,2,0,3,0,0,,1,0,C_0,0,0,27
369,363754,5034536,65300000,1,65301000,1,1,,0,2,15.96598578,0,0,2,0,2,0,0,,1,0,C_0,0,0,0
373,363754,5034536,65300000,1,65302000,1,1,,1,2,14.11138729,0,1,2,0,2,0,0,,2,0,C_0,0,0,0
377,355655.13,5015613.28,69400000,1,69401000,2,3,,0,3,21.85919102,0,2,1,0,3,0,0,,1,0,C_0,0,0,0
382,363003.55,5027458.33,72100000,1,72101000,3,1,,1,1,16.89813131,0,2,1,0,3,0,0,,1,0,C_0,0,0,36
387,363003.55,5027458.33,72100000,1,72102000,3,1,,0,3,16.81164206,0,2,2,0,1,0,0,,1,0,C_0,0,36,0
389,368737.21,5033672.04,72700000,1,72701000,2,1,,1,4,20.34896493,0,2,0,0,1,0,0,,1,0,C_0,0,0,9
391,368737.21,5033672.04,72700000,1,72702000,2,1,,0,5,19.12751216,2,2,0,0,1,1,0,,2,9,C_1,0,0,0
393,364728.21,5028702.8,72900000,1,72901000,2,3,,0,3,19.0334017,0,2,0,0,1,0,0,,1,0,C_0,0,0,36
395,364728.21,5028702.8,72900000,1,72902000,2,3,,1,3,16.75781643,0,2,1,0,1,0,0,,1,0,C_0,0,0,36
397,364728.21,5028702.8,72900000,1,72903000,2,3,,1,0,24.43642636,1,1,1,0,1,4,0,,12,36,C_4,0,0,0
399,362458.97,5026589.25,74500000,1,74501000,1,2,,1,4,15.53492355,0,1,1,0,1,0,0,,1,0,C_0,0,0,0
401,356127,5016826.29,75100000,1,75101000,1,1,,0,6,11.29443807,2,1,2,0,3,0,0,,1,0,C_0,0,0,0
406,356127,5016826.29,75100000,1,75102000,1,1,,1,5,17.27970638,2,1,0,0,3,0,0,,1,0,C_0,0,0,0
411,363807,5036320,75500000,1,75502000,1,1,,0,2,15.96598578,0,1,1,0,1,3,0,,3,27,C_3,0,0,0
413,364750.61,5029415,76500000,1,76501000,2,1,,1,5,13.58797182,0,1,1,0,1,3,0,,3,27,C_3,0,0,0
415,364750.61,5029415,76500000,1,76502000,2,1,,0,5,15.79124621,0,0,1,0,1,0,0,,1,0,C_0,0,0,27
417,368847.03,5035194.08,77200000,1,77201000,3,4,,0,0,22.79866312,1,1,0,0,1,0,0,,1,0,C_0,0,9,9
419,368847.03,5035194.08,77200000,1,77202000,3,4,,0,0,22.79866312,1,1,0,0,1,1,0,,2,9,C_1,0,0,9
421,368847.03,5035194.08,77200000,1,77203000,3,4,,0,0,22.79866312,1,1,0,0,1,1,0,,2,9,C_1,0,0,9
423,368847.03,5035194.08,77200000,1,77204000,3,4,,0,0,22.79866312,1,1,0,0,1,1,0,,2,9,C_1,0,0,9
425,368847.03,5035194.08,77200000,1,77205000,3,4,,1,4,18.05471888,3,1,0,0,2,0,0,,2,0,C_0,0,0,9
429,368847.03,5035194.08,77200000,1,77206000,3,4,,0,4,16.97097892,0,1,1,0,1,0,0,,1,0,C_0,0,0,9
431,329059.87,5028109.64,78100000,1,78101000,2,2,,0,3,19.72217226,0,1,1,0,1,0,0,,1,0,C_0,0,0,27
433,329059.87,5028109.64,78100000,1,78102000,2,2,,1,3,18.12681252,0,1,1,0,1,0,0,,1,0,C_0,0,27,0
435,329059.87,5028109.64,78100000,1,78103000,2,2,,0,0,22.47933863,1,1,0,0,1,3,0,,6,27,C_3,0,0,0
437,368601.66,5033621.19,78200000,1,78201000,1,1,,1,1,23.43318581,0,1,1,0,2,0,0,,1,0,C_0,0,0,9
441,353843.26,5017425.56,81000000,1,81001000,3,2,,0,2,24.22151212,0,1,1,0,1,0,0,,1,0,C_0,0,0,0
443,363456.71,5027044.64,82500000,1,82501000,1,0,,1,3,29.53373252,0,2,2,0,3,4,0,,1,36,C_4,0,0,0
448,369982.7,5035205.27,84300000,1,84301000,1,1,,0,6,20.56187304,2,2,1,0,3,0,0,,1,0,C_0,0,36,9
457,369982.7,5035205.27,84300000,1,84302000,1,1,,1,6,20.56187304,2,2,0,0,3,1,0,,2,9,C_1,0,0,36
463,363499,5037508,85200000,1,85201000,3,1,,0,1,15.96598578,0,1,0,0,1,0,0,,1,0,C_0,0,0,27
465,363499,5037508,85200000,1,85202000,3,1,,1,2,14.11138729,0,2,1,0,1,0,0,,1,0,C_0,0,27,0
467,364359,5034234,86900000,1,86901000,2,3,,1,4,15.18117482,0,1,1,0,1,4,0,,12,36,C_4,0,36,36
469,364359,5034234,86900000,1,86903000,2,3,,0,2,22.34753377,0,2,1,0,1,4,0,,12,36,C_4,0,36,36
471,364359,5034234,86900000,1,86904000,2,3,,1,1,18.73666796,0,2,2,0,1,4,0,,12,36,C_4,0,36,36
473,371485,5039305,90100000,1,90101000,1,0,,1,5,22.23915215,2,2,0,0,2,0,0,,1,0,C_0,0,9,0
476,368630.66,5030663.61,91100000,1,91101000,2,1,,0,2,26.21705365,0,2,2,0,0,0,0,,1,0,C_0,0,36,0
478,355137.52,5015464.96,93000000,1,93001000,1,2,,0,4,16.49790652,0,1,1,0,1,0,0,,1,0,C_0,0,0,0
480,370364,5039319,93500000,1,93501000,3,2,,0,4,15.96035985,0,0,1,0,3,0,0,,1,0,C_0,0,244,198
486,370364,5039319,93500000,1,93502000,3,2,,0,4,15.96035985,0,0,1,2,1,2,1,,4,244,C_2_0_1_1_2_2_0_1_1_2,1,0,198
488,370364,5039319,93500000,1,93503000,3,2,,1,0,20.30042972,1,0,0,1,1,2,1,,4,198,C_1_0_0_1_2_1_0_0_1_2,1,0,244
490,366855.02,5030793.58,93800000,1,93801000,0,0,,1,5,29.56960491,0,1,1,0,3,4,0,,9,36,C_4,0,0,36
494,352376.85,5019985.04,97400000,1,97401000,1,3,,1,2,21.48717377,-1,1,0,0,1,1,0,,2,9,C_1,0,0,27
496,352376.85,5019985.04,97400000,1,97402000,1,3,,0,2,24.83934539,0,1,1,0,3,0,0,,1,0,C_0,0,9,27
501,363807,5036320,98300000,1,98301000,1,1,,0,5,11.56824075,0,0,0,0,1,0,0,,1,0,C_0,0,27,0
503,369362.39,5034034.35,100000000,1,100001000,1,0,,1,3,21.3281765,1,1,1,0,2,3,0,,1,27,C_3,0,9,0
507,361533.13,5025263.09,100400000,1,100401000,0,1,,0,6,22.96147085,2,1,2,0,2,3,0,,2,27,C_3,0,0,9
511,361533.13,5025263.09,100400000,1,100402000,0,1,,1,6,22.96147085,2,2,1,0,0,1,0,,2,9,C_1,0,27,0
512,352588.15,5017873.39,101000000,1,101001000,2,1,,1,0,28.83074282,0,2,1,0,1,4,0,,12,36,C_4,0,0,0
514,342548.63,5036824.07,101700000,1,101702000,1,1,,0,5,15.41814732,0,1,1,0,1,0,0,,1,0,C_0,0,0,9
516,366101.76,5016517.92,102200000,1,102201000,2,3,,1,3,16.19009942,3,1,2,0,3,0,0,,1,0,C_0,0,0,0
523,366101.76,5016517.92,102200000,1,102202000,2,3,,0,4,16.2084927,0,0,2,0,1,0,0,,1,0,C_0,0,0,0
525,374878.73,5034235.15,102500000,1,102501000,1,3,,1,3,23.41618272,0,2,2,0,3,4,0,,2,36,C_4,0,0,36
531,374878.73,5034235.15,102500000,1,102502000,1,3,,0,4,19.46695919,0,1,1,0,1,0,0,,1,0,C_0,0,36,36
533,374878.73,5034235.15,102500000,1,102503000,1,3,,0,0,23.30648239,1,2,1,0,1,4,0,,12,36,C_4,0,0,36
535,374878.73,5034235.15,102500000,1,102504000,1,3,,1,0,23.30648239,1,1,0,0,1,3,0,,6,27,C_3,0,0,36
537,368647,5039792,103000000,1,103001000,2,3,,1,2,23.34588336,0,1,1,0,1,0,0,,1,0,C_0,0,0,0
539,368647,5039792,103000000,1,103002000,2,3,,0,3,20.86883168,0,1,1,0,1,0,0,,1,0,C_0,0,0,0
541,371174.49,5024836.27,103400000,1,103401000,1,1,,0,6,12.35650911,2,2,0,0,1,4,0,,12,36,C_4,0,27,36
543,371174.49,5024836.27,103400000,1,103402000,1,1,,1,6,12.35650911,2,2,0,0,1,4,0,,12,36,C_4,0,27,36
545,361663.21,5015012.47,103600000,1,103601000,2,0,,0,4,19.50633112,0,1,2,0,1,0,0,,1,0,C_0,0,0,0
547,365884,5033240,104100000,1,104102000,1,1,,1,5,14.1437488,2,1,0,0,1,0,0,,1,0,C_0,0,0,36
549,366390.41,5015661.76,105100000,1,105101000,1,0,,1,6,16.91133801,2,1,0,0,1,0,0,,1,0,C_0,0,0,0
551,364286,5034692,105200000,1,105201000,1,0,,1,6,17.62639848,2,2,0,0,1,0,0,,1,0,C_0,0,36,36
553,362212.13,5023569.23,106200000,1,106201000,1,1,,1,5,17.76123848,0,0,1,0,2,3,0,,3,27,C_3,0,0,0
556,370216.65,5029602.31,106300000,1,106301000,1,2,,0,1,24.04560142,1,2,2,0,1,3,0,,3,27,C_3,0,27,0
558,370216.65,5029602.31,106300000,1,106302000,1,2,,0,1,24.04560142,0,1,1,0,1,0,0,,1,0,C_0,0,27,27
560,338042.01,5038693.2,106900000,1,106901000,2,1,,0,2,14.18470709,0,1,1,0,1,0,0,,1,0,C_0,0,0,0
562,338042.01,5038693.2,106900000,1,106902000,2,1,,1,2,13.63254632,0,1,1,0,1,0,0,,1,0,C_0,0,0,0
564,369458,5038654,107200000,1,107201000,2,2,,0,4,15.10802777,0,0,0,0,3,0,0,,1,0,C_0,0,0,0
570,369458,5038654,107200000,1,107202000,2,2,,1,2,17.04803539,1,2,2,0,1,0,0,,1,0,C_0,0,0,0
572,372370.03,5025334.15,108100000,1,108101000,1,3,,1,2,21.34459038,3,2,0,0,2,3,0,,3,27,C_3,0,36,36
575,368404.97,5031312.69,109900000,1,109901000,1,1,,1,6,20.21578596,2,2,1,0,2,0,0,,12,0,C_0,0,36,0
579,368404.97,5031312.69,109900000,1,109902000,1,1,,0,6,20.21578596,0,2,1,0,2,4,0,,12,36,C_4,0,0,0
583,368537.88,5032631.9,111600000,1,111601000,0,1,,1,2,21.72749824,0,1,1,0,1,3,0,,3,27,C_3,0,36,27
585,368537.88,5032631.9,111600000,1,111602000,0,1,,1,2,21.72749824,0,1,2,0,2,3,0,,3,27,C_3,0,36,27
589,375832.07,5034200.51,111900000,1,111901000,1,4,,1,4,19.41834723,0,1,1,0,2,0,0,,1,0,C_0,0,27,27
592,375832.07,5034200.51,111900000,1,111902000,1,4,,1,0,23.30648239,1,2,0,0,1,3,0,,6,27,C_3,0,27,0
594,375832.07,5034200.51,111900000,1,111903000,1,4,,1,1,23.22378468,1,1,1,0,1,3,0,,3,27,C_3,0,27,0
596,350408.54,5021460.37,112100000,1,112101000,3,2,,0,4,14.82063669,0,1,1,0,3,0,0,,1,0,C_0,0,0,9
602,366873.58,5020307.42,113300000,1,113301000,3,0,,1,5,20.29594801,0,2,0,0,0,0,0,,1,0,C_0,0,0,0
603,363195.11,5022948.34,113500000,1,113501000,1,0,,1,4,19.89105221,0,2,1,0,1,0,0,,1,0,C_0,0,0,0
605,365781,5032688,113700000,1,113701000,1,0,,0,2,36.7817615,0,1,1,0,1,0,0,,1,0,C_0,0,0,36
607,348448.07,5003196.33,113900000,1,113901000,2,4,,1,3,21.31610422,0,2,2,0,3,0,0,,1,0,C_0,0,0,27
612,348448.07,5003196.33,113900000,1,113902000,2,4,,0,4,19.47211641,0,2,0,0,1,0,0,,1,0,C_0,0,27,0
614,348448.07,5003196.33,113900000,1,113904000,2,4,,0,0,24.44014825,1,1,0,0,1,3,0,,9,27,C_3,0,0,0
616,357623.88,5019664.07,114100000,1,114101000,1,1,,0,3,17.90220566,0,1,1,0,1,0,0,,1,0,C_0,0,9,0
618,357623.88,5019664.07,114100000,1,114102000,1,1,,1,0,20.75845371,1,1,2,0,2,1,0,,2,9,C_1,0,0,0
622,368599.14,5025786.15,114800000,1,114801000,1,0,,1,6,14.10943687,2,2,1,0,1,3,0,,3,27,C_3,0,27,9
624,378018.8,5033317.06,115200000,1,115201000,2,3,,0,4,18.91366881,0,0,2,0,3,0,0,,1,0,C_0,0,0,27
629,378018.8,5033317.06,115200000,1,115202000,2,3,,1,3,21.19247405,0,1,1,0,2,0,0,,1,0,C_0,0,0,27
632,369362.39,5034034.35,115700000,1,115701000,2,1,,0,5,19.12751216,0,2,1,0,2,1,0,,2,9,C_1,0,27,0
635,369362.39,5034034.35,115700000,1,115702000,2,1,,1,3,25.37120206,0,1,1,0,2,0,0,,1,0,C_0,0,27,9
639,352074.68,5019902.89,116700000,1,116701000,1,3,,0,3,21.77805501,0,0,1,0,1,3,0,,3,27,C_3,0,0,9
641,367308,5038220,117400000,1,117401000,1,3,,1,0,18.45398806,1,1,0,2,1,2,1,,4,246,C_2_1_0_1_2_2_1_0_1_2,1,9,0
643,367308,5038220,117400000,1,117402000,1,3,,1,3,17.92718656,1,2,1,0,1,1,0,,2,9,C_1,0,246,0
645,367308,5038220,117400000,1,117403000,1,3,,0,4,17.57916363,1,2,1,0,2,0,0,,1,0,C_0,0,246,9
649,369353,5040869,117500000,1,117501000,2,2,,0,3,15.10802777,0,1,2,0,3,0,0,,1,0,C_0,0,9,9
654,369353,5040869,117500000,1,117502000,2,2,,1,3,15.39457213,0,2,2,0,1,1,0,,2,9,C_1,0,9,0
656,369353,5040869,117500000,1,117503000,2,2,,0,0,18.36029541,1,1,2,0,2,1,0,,2,9,C_1,0,0,9
660,350283.12,5023766.1,118100000,1,118101000,2,2,,1,3,19.55941515,0,1,2,0,2,0,0,,2,0,C_0,0,0,0
664,350283.12,5023766.1,118100000,1,118102000,2,2,,0,3,23.76691848,0,1,2,0,2,0,0,,1,0,C_0,0,0,0
668,344722.45,5027882.87,119100000,1,119101000,2,1,,1,5,12.79050915,2,1,0,0,3,0,0,,1,0,C_0,0,0,0
673,344722.45,5027882.87,119100000,1,119102000,2,1,,0,2,16.6178508,0,1,2,0,2,0,0,,1,0,C_0,0,0,0
677,374202.73,5028724.8,119200000,1,119201000,1,1,,1,4,23.62813218,0,1,1,0,2,0,0,,1,0,C_0,0,0,27
680,374202.73,5028724.8,119200000,1,119202000,1,1,,0,4,26.97042884,0,0,2,0,2,3,0,,3,27,C_3,0,0,0
684,375000.64,5032006.43,121000000,1,121001000,3,2,,0,5,13.63749772,2,2,1,0,1,0,0,,1,0,C_0,0,9,0
686,375000.64,5032006.43,121000000,1,121002000,3,2,,1,5,11.17729945,2,2,0,0,1,0,0,,1,0,C_0,0,9,0
688,375000.64,5032006.43,121000000,1,121003000,3,2,,1,2,16.62386606,-1,2,0,0,1,1,0,,2,9,C_1,0,0,0
690,346107.88,5035890.96,121400000,1,121401000,2,1,,0,2,14.18470709,-1,2,2,0,2,0,0,,1,0,C_0,0,0,9
694,346107.88,5035890.96,121400000,1,121402000,2,1,,1,6,16.30153549,2,2,1,0,1,1,0,,2,9,C_1,0,0,0
696,377843.62,5033642.5,121500000,1,121501000,2,2,,1,0,25.23204691,1,1,1,0,1,3,0,,3,27,C_3,0,0,0
698,377843.62,5033642.5,121500000,1,121503000,2,2,,1,4,20.20807895,3,1,0,0,1,0,0,,1,0,C_0,0,0,27
700,362869,5035871,121600000,1,121601000,1,1,,0,6,14.14772849,2,2,0,0,1,0,0,,1,0,C_0,0,0,0
702,362869,5035871,121600000,1,121602000,1,1,,0,6,14.14772849,2,2,0,0,1,0,0,,1,0,C_0,0,0,0
704,339103.63,5012688.83,122400000,1,122401000,2,4,,0,3,18.32923563,0,0,0,0,3,0,0,,1,0,C_0,0,27,0
710,339103.63,5012688.83,122400000,1,122403000,2,4,,0,0,17.27031937,1,1,0,0,1,3,0,,6,27,C_3,0,0,0
712,367634.39,5030819.44,122500000,1,122501000,0,0,,0,4,31.70817775,3,2,0,0,1,4,0,,11,36,C_4,0,0,36
714,376822,5041395,123900000,1,123901000,2,3,,1,3,14.53434812,3,1,0,0,0,0,0,,1,0,C_0,0,27,9
715,376822,5041395,123900000,1,123903000,2,3,,0,0,23.67383709,1,1,0,0,0,3,0,,6,27,C_3,0,0,9
716,362224.52,5014956.33,124400000,1,124401000,2,1,,0,6,12.50545617,0,0,1,0,1,0,0,,1,0,C_0,0,0,0
718,362224.52,5014956.33,124400000,1,124402000,2,1,,1,5,11.49616475,0,1,0,0,1,0,0,,1,0,C_0,0,0,0
720,372217.75,5033664.81,124900000,1,124901000,1,1,,0,6,14.85402797,2,1,0,0,3,0,0,,1,0,C_0,0,9,0
729,372217.75,5033664.81,124900000,1,124902000,1,1,,1,6,14.85402797,2,2,0,0,2,1,0,,2,9,C_1,0,0,0
732,373967.83,5026274.98,125000000,1,125001000,2,3,,1,4,24.76440709,2,2,0,0,1,0,0,,1,0,C_0,0,27,27
734,373967.83,5026274.98,125000000,1,125002000,2,3,,1,4,24.76440709,0,1,1,0,1,3,0,,3,27,C_3,0,27,0
736,373967.83,5026274.98,125000000,1,125003000,2,3,,1,0,26.20769999,1,1,1,0,1,3,0,,3,27,C_3,0,0,27
738,373967.83,5026274.98,125000000,1,125004000,2,3,,1,1,21.34459038,1,0,1,0,1,3,0,,3,27,C_3,0,0,27
740,370864,5038705,125400000,1,125401000,1,1,,1,5,14.93354836,2,1,1,0,2,1,0,,2,9,C_1,0,244,0
743,370864,5038705,125400000,1,125402000,1,1,,0,5,15.25275769,-1,1,1,0,3,0,0,,1,0,C_0,0,9,244
748,377945.61,5023111.6,125600000,1,125601000,2,2,,0,3,33.56374643,1,0,1,0,1,0,0,,1,0,C_0,0,9,0
750,377945.61,5023111.6,125600000,1,125602000,2,2,,1,3,28.80293287,0,1,1,0,2,0,0,,1,0,C_0,0,9,0
753,377945.61,5023111.6,125600000,1,125603000,2,2,,1,0,41.00900448,1,1,0,0,1,1,0,,2,9,C_1,0,0,0
755,367662,5036478,125800000,1,125801000,1,2,,1,4,16.61713173,0,0,2,0,0,1,0,,2,9,C_1,0,0,9
757,367662,5036478,125800000,1,125802000,1,2,,1,4,16.61713173,0,0,2,0,2,0,0,,1,0,C_0,0,9,9
761,367662,5036478,125800000,1,125803000,1,2,,0,1,39.76533999,0,1,1,0,1,1,0,,2,9,C_1,0,9,0
763,366406,5032600,127600000,1,127601000,1,0,,0,6,26.43424545,2,2,2,0,1,0,0,,1,0,C_0,0,0,0
765,362170.65,5027275.84,128100000,1,128101000,2,3,,1,4,16.35318622,-1,0,2,0,3,0,0,,1,0,C_0,0,36,9
771,362170.65,5027275.84,128100000,1,128103000,2,3,,0,0,21.18899126,1,1,2,0,3,4,0,,2,36,C_4,0,9,0
777,362170.65,5027275.84,128100000,1,128104000,2,3,,0,0,21.18899126,1,1,2,0,2,1,0,,2,9,C_1,0,36,0
781,375169.76,5033665.71,128500000,1,128501000,2,1,,0,5,14.94426039,0,1,1,0,3,0,0,,1,0,C_0,0,0,0
786,369496,5038901,128700000,1,128701000,3,4,,0,0,20.30042972,0,0,2,0,3,0,0,,1,0,C_0,0,0,0
792,369496,5038901,128700000,1,128702000,3,4,,0,4,16.70449462,0,0,1,0,1,0,0,,1,0,C_0,0,0,0
794,369496,5038901,128700000,1,128704000,3,4,,0,1,20.26508189,1,2,0,0,1,0,0,,1,0,C_0,0,0,0
796,369496,5038901,128700000,1,128705000,3,4,,1,0,20.30042972,1,1,0,0,1,3,0,,6,27,C_3,0,0,0
798,374857.7,5033606.2,129000000,1,129001000,3,2,,0,3,19.46695919,0,1,2,0,1,0,0,,1,0,C_0,0,0,0
800,374857.7,5033606.2,129000000,1,129002000,3,2,,1,2,23.22378468,0,1,1,0,1,0,0,,1,0,C_0,0,0,0
802,368872.71,5028698.16,130100000,1,130101000,1,1,,0,6,12.37400252,2,1,1,0,2,0,0,,1,0,C_0,0,27,0
806,368872.71,5028698.16,130100000,1,130102000,1,1,,1,5,9.751948217,2,2,0,0,2,0,0,,1,0,C_0,0,0,27
809,379156.99,5033340.35,130500000,1,130501000,1,0,,1,6,10.05349584,2,1,1,0,2,0,0,,1,0,C_0,0,0,0
812,372693,5038267,130700000,1,130701000,2,2,,0,2,18.32832581,0,2,2,0,2,0,0,,12,0,C_0,0,0,199
816,365357.91,5029840.63,131000000,1,131001000,0,1,,1,2,19.94125783,-1,1,2,0,3,3,0,,7,27,C_3,0,27,0
820,365357.91,5029840.63,131000000,1,131002000,0,1,,1,2,19.94125783,0,2,2,0,2,3,0,,3,27,C_3,0,27,0
823,382773.92,5036072.44,132200000,1,132201000,2,2,,0,5,14.45228311,3,2,2,0,3,0,0,,1,0,C_0,0,9,27
830,382773.92,5036072.44,132200000,1,132203000,2,2,,1,5,14.15928356,0,1,2,0,3,1,0,,1,9,C_1,0,0,27
837,383263.27,5037940.08,132300000,1,132301000,2,4,,1,3,19.34255425,3,1,0,0,2,0,0,,1,0,C_0,0,0,27
841,383263.27,5037940.08,132300000,1,132302000,2,4,,0,3,19.66840597,0,0,1,0,1,0,0,,1,0,C_0,0,0,27
843,383263.27,5037940.08,132300000,1,132304000,2,4,,1,0,23.16186273,1,2,1,0,1,3,0,,6,27,C_3,0,0,0
845,374387,5038719,132400000,1,132401000,0,0,,1,4,21.21905997,0,0,1,1,1,2,1,,4,199,C_1_0_1_1_2_1_0_1_1_2,1,0,0
847,382015.1,5037530.65,133400000,1,133401000,1,1,,1,1,16.98972574,0,0,1,0,1,3,0,,3,27,C_3,0,0,0
849,382015.1,5037530.65,133400000,1,133402000,1,1,,0,2,18.12508396,0,2,2,0,2,0,0,,1,0,C_0,0,0,27
853,368929.56,5028773.79,134800000,1,134801000,2,2,,0,4,13.82693584,0,1,1,0,3,3,0,,16,27,C_3,0,0,36
860,368929.56,5028773.79,134800000,1,134803000,2,2,,0,0,14.54193744,1,1,0,0,1,4,0,,12,36,C_4,0,27,0
862,357846.19,5020339.52,135700000,1,135701000,1,0,,1,6,11.31660439,2,2,0,0,3,0,0,,1,0,C_0,0,0,9
866,353598.85,5014743.88,137200000,1,137202000,3,3,,0,1,22.19460734,0,1,1,0,1,0,0,,1,0,C_0,0,9,0
868,353598.85,5014743.88,137200000,1,137203000,3,3,,0,0,30.2783115,0,1,1,0,1,1,0,,2,9,C_1,0,0,0
870,353598.85,5014743.88,137200000,1,137204000,3,3,,0,4,22.22503522,0,1,1,0,1,0,0,,1,0,C_0,0,0,9
872,364741.87,5023650.89,137300000,1,137301000,1,3,,0,3,21.93011561,1,2,2,0,3,0,0,,1,0,C_0,0,0,0
878,377628.85,5032516.16,140900000,1,140901000,1,1,,0,5,17.45660059,2,2,2,0,3,4,0,,12,36,C_4,0,0,36
886,377628.85,5032516.16,140900000,1,140902000,1,1,,1,5,19.18283596,2,2,2,0,3,4,0,,12,36,C_4,0,0,36
894,365567,5032975,141200000,1,141201000,1,0,,0,4,31.46408153,-1,2,0,0,3,4,0,,11,36,C_4,0,0,0
898,352514.38,5020449.25,141700000,1,141701000,1,1,,1,5,22.09746404,2,1,0,0,3,1,0,,2,9,C_1,0,0,0
907,352514.38,5020449.25,141700000,1,141702000,1,1,,0,5,14.82063669,2,1,0,0,3,0,0,,1,0,C_0,0,9,0
916,371680.48,5034352.57,143600000,1,143601000,1,0,,1,6,22.06016519,2,1,0,0,1,0,0,,1,0,C_0,0,0,9
918,347238.71,4996756.4,143900000,1,143902000,2,4,,0,3,19.47211641,0,0,1,0,1,1,0,,2,9,C_1,0,27,27
920,347238.71,4996756.4,143900000,1,143903000,2,4,,1,0,24.44014825,1,1,1,0,1,3,0,,6,27,C_3,0,9,27
922,347238.71,4996756.4,143900000,1,143904000,2,4,,0,0,24.44014825,1,1,1,0,1,3,0,,6,27,C_3,0,9,27
924,370287.61,5022946.82,144500000,1,144501000,1,1,,0,6,24.18946735,2,2,0,0,2,0,0,,1,0,C_0,0,0,0
928,370287.61,5022946.82,144500000,1,144502000,1,1,,1,6,24.18946735,2,2,0,0,1,0,0,,1,0,C_0,0,0,0
930,353319.42,5017649.89,145400000,1,145401000,2,3,,0,6,10.93445598,2,2,2,0,2,0,0,,1,0,C_0,0,0,9
933,353319.42,5017649.89,145400000,1,145402000,2,3,,1,6,10.93445598,2,2,1,0,1,0,0,,1,0,C_0,0,0,9
935,353319.42,5017649.89,145400000,1,145403000,2,3,,0,2,21.13351058,0,1,2,0,1,1,0,,2,9,C_1,0,0,0
937,353319.42,5017649.89,145400000,1,145404000,2,3,,1,2,17.42576071,0,0,1,0,1,0,0,,1,0,C_0,0,0,0
939,363870,5039997,146500000,1,146501000,2,1,,0,4,22.04893635,2,1,2,0,3,0,0,,1,0,C_0,0,0,0
950,373205.36,5032772.58,147300000,1,147301000,3,3,,1,4,16.31113811,2,2,2,0,3,0,0,,2,0,C_0,0,0,0
961,373205.36,5032772.58,147300000,1,147302000,3,3,,0,4,16.92829844,0,1,2,0,3,0,0,,1,0,C_0,0,0,0
966,373205.36,5032772.58,147300000,1,147303000,3,3,,1,2,19.45365588,1,2,2,0,2,0,0,,2,0,C_0,0,0,0
970,373205.36,5032772.58,147300000,1,147304000,3,3,,1,1,19.45365588,0,1,2,0,2,1,0,,2,9,C_1,0,0,0
974,352391.98,5017738.52,147600000,1,147601000,1,1,,0,5,16.49790652,2,2,0,0,1,0,0,,1,0,C_0,0,36,0
976,369904.84,5034121.06,148700000,1,148701000,2,4,,1,0,22.79866312,1,1,2,0,3,4,0,,12,36,C_4,0,0,0
983,369904.84,5034121.06,148700000,1,148702000,2,4,,0,4,25.24554704,0,1,1,0,1,0,0,,1,0,C_0,0,36,0
985,369904.84,5034121.06,148700000,1,148703000,2,4,,1,3,22.51072339,0,1,2,0,2,0,0,,1,0,C_0,0,36,0
989,369904.84,5034121.06,148700000,1,148704000,2,4,,1,0,22.79866312,1,2,0,0,1,3,0,,3,27,C_3,0,36,0
991,351889.55,5004407.45,149400000,1,149401000,3,1,,0,2,23.44330018,0,0,1,0,1,0,0,,1,0,C_0,0,0,0
993,351889.55,5004407.45,149400000,1,149402000,3,1,,1,3,21.21262798,0,0,0,0,1,0,0,,1,0,C_0,0,0,0
995,387001.21,5037486.3,150700000,1,150701000,2,2,,0,4,20.15471271,0,2,2,0,1,0,0,,1,0,C_0,0,0,0
997,387001.21,5037486.3,150700000,1,150702000,2,2,,1,4,19.82080422,0,1,1,0,2,0,0,,1,0,C_0,0,0,0
